Product ID,TCGplayer Id,Product Line,Set Name,Product Name,Title,Number,Rarity,Condition,Printing,TCG Market Price,TCG Direct Low,TCG Low Price With Shipping,TCG Low Price,Total Quantity,Add to Quantity,TCG Marketplace Price,Photo URL
488129,7026156,Magic: The Gathering,Universes Beyond: The Lord of the Rings: Tales of Middle-earth,Island (0275),,275,Land,Near Mint,Normal,0.46,,,,,1,,https://tcgplayer-cdn.tcgplayer.com/product/488129_in_200x200.jpg
488134,7026426,Magic: The Gathering,Universes Beyond: The Lord of the Rings: Tales of Middle-earth,Mountain (0279),,279,Land,Near Mint,Normal,0.90,,,,,3,,https://tcgplayer-cdn.tcgplayer.com/product/488134_in_200x200.jpg
488131,7026251,Magic: The Gathering,Universes Beyond: The Lord of the Rings: Tales of Middle-earth,Swamp (0277),,277,Land,Near Mint,Normal,1.01,,,,,2,,https://tcgplayer-cdn.tcgplayer.com/product/488131_in_200x200.jpg
488254,7027657,Magic: The Gathering,Universes Beyond: The Lord of the Rings: Tales of Middle-earth,Swamp (0276),,276,Land,Near Mint,Normal,0.73,,,,,1,,https://tcgplayer-cdn.tcgplayer.com/product/488254_in_200x200.jpg
488253,7027577,Magic: The Gathering,Universes Beyond: The Lord of the Rings: Tales of Middle-earth,Plains (0272),,272,Land,Near Mint,Normal,0.36,,,,,2,,https://tcgplayer-cdn.tcgplayer.com/product/488253_in_200x200.jpg
488126,7026056,Magic: The Gathering,Universes Beyond: The Lord of the Rings: Tales of Middle-earth,Plains (0273),,273,Land,Near Mint,Normal,0.51,,,,,3,,https://tcgplayer-cdn.tcgplayer.com/product/488126_in_200x200.jpg
488281,7029817,Magic: The Gathering,Commander: The Lord of the Rings: Tales of Middle-earth,Valley of Gorgoroth - Wasteland,,376,Mythic,Near Mint,Normal,29.30,,,,,1,,https://tcgplayer-cdn.tcgplayer.com/product/488281_in_200x200.jpg
499453,7198195,Magic: The Gathering,Universes Beyond: The Lord of the Rings: Tales of Middle-earth,The Grey Havens (Borderless),,443,Uncommon,Near Mint,Normal,0.34,,,,,2,,https://tcgplayer-cdn.tcgplayer.com/product/499453_in_200x200.jpg
499581,7201110,Magic: The Gathering,Commander: The Lord of the Rings: Tales of Middle-earth,Shineshadow Snarl,,331,Rare,Near Mint,Normal,0.34,,,,,1,,https://tcgplayer-cdn.tcgplayer.com/product/499581_in_200x200.jpg
498335,7166605,Magic: The Gathering,Commander: The Lord of the Rings: Tales of Middle-earth,Graypelt Refuge,,316,Uncommon,Near Mint,Normal,0.28,,,,,1,,https://tcgplayer-cdn.tcgplayer.com/product/498335_in_200x200.jpg
499452,7198115,Magic: The Gathering,Universes Beyond: The Lord of the Rings: Tales of Middle-earth,The Grey Havens,,255,Uncommon,Near Mint,Normal,0.28,,,,,2,,https://tcgplayer-cdn.tcgplayer.com/product/499452_in_200x200.jpg
499027,7187754,Magic: The Gathering,Universes Beyond: The Lord of the Rings: Tales of Middle-earth,Great Hall of the Citadel,,254,Common,Near Mint,Normal,0.33,,,,,3,,https://tcgplayer-cdn.tcgplayer.com/product/499027_in_200x200.jpg
498386,7170590,Magic: The Gathering,Universes Beyond: The Lord of the Rings: Tales of Middle-earth,Shire Terrace,,261,Common,Near Mint,Normal,0.26,,,,,4,,https://tcgplayer-cdn.tcgplayer.com/product/498386_in_200x200.jpg
501348,7231879,Magic: The Gathering,Prerelease Cards,Barad-dur,,253,Rare,Near Mint,Foil,10.40,,,,,1,,https://tcgplayer-cdn.tcgplayer.com/product/501348_in_200x200.jpg
488252,7027497,Magic: The Gathering,Universes Beyond: The Lord of the Rings: Tales of Middle-earth,Mountain (0278),,278,Land,Near Mint,Normal,0.48,,,,,3,,https://tcgplayer-cdn.tcgplayer.com/product/488252_in_200x200.jpg
488133,7026346,Magic: The Gathering,Universes Beyond: The Lord of the Rings: Tales of Middle-earth,Forest (0281),,281,Land,Near Mint,Normal,0.80,,,,,2,,https://tcgplayer-cdn.tcgplayer.com/product/488133_in_200x200.jpg
488250,7027337,Magic: The Gathering,Universes Beyond: The Lord of the Rings: Tales of Middle-earth,Island (0274),,274,Land,Near Mint,Normal,0.74,,,,,1,,https://tcgplayer-cdn.tcgplayer.com/product/488250_in_200x200.jpg
498833,7185974,Magic: The Gathering,Universes Beyond: The Lord of the Rings: Tales of Middle-earth,Mines of Moria (Borderless),,342,Rare,Near Mint,Normal,4.43,,,,,1,,https://tcgplayer-cdn.tcgplayer.com/product/498833_in_200x200.jpg
499367,7195337,Magic: The Gathering,Universes Beyond: The Lord of the Rings: Tales of Middle-earth,Celeborn the Wise,,156,Uncommon,Near Mint,Normal,0.16,,,,,3,,https://tcgplayer-cdn.tcgplayer.com/product/499367_in_200x200.jpg
499925,7213998,Magic: The Gathering,Universes Beyond: The Lord of the Rings: Tales of Middle-earth,Elven Farsight,,161,Common,Near Mint,Normal,0.21,,,,,4,,https://tcgplayer-cdn.tcgplayer.com/product/499925_in_200x200.jpg
498314,7165155,Magic: The Gathering,Universes Beyond: The Lord of the Rings: Tales of Middle-earth,Ent's Fury,,164,Common,Near Mint,Normal,0.16,,,,,1,,https://tcgplayer-cdn.tcgplayer.com/product/498314_in_200x200.jpg
498398,7171490,Magic: The Gathering,Universes Beyond: The Lord of the Rings: Tales of Middle-earth,Wose Pathfinder,,190,Common,Near Mint,Normal,0.22,,,,,4,,https://tcgplayer-cdn.tcgplayer.com/product/498398_in_200x200.jpg
499924,7213918,Magic: The Gathering,Universes Beyond: The Lord of the Rings: Tales of Middle-earth,Brandywine Farmer,,155,Common,Near Mint,Normal,0.22,,,,,3,,https://tcgplayer-cdn.tcgplayer.com/product/499924_in_200x200.jpg
498354,7168085,Magic: The Gathering,Universes Beyond: The Lord of the Rings: Tales of Middle-earth,Mushroom Watchdogs,,180,Common,Near Mint,Normal,0.15,,,,,2,,https://tcgplayer-cdn.tcgplayer.com/product/498354_in_200x200.jpg
499918,7213518,Magic: The Gathering,Universes Beyond: The Lord of the Rings: Tales of Middle-earth,Lothlorien Lookout,,175,Common,Near Mint,Normal,0.16,,,,,2,,https://tcgplayer-cdn.tcgplayer.com/product/499918_in_200x200.jpg
498550,7179466,Magic: The Gathering,Universes Beyond: The Lord of the Rings: Tales of Middle-earth,Many Partings (Borderless),,445,Common,Near Mint,Normal,0.23,,,,,3,,https://tcgplayer-cdn.tcgplayer.com/product/498550_in_200x200.jpg
499282,7191589,Magic: The Gathering,Universes Beyond: The Lord of the Rings: Tales of Middle-earth,Radagast the Brown,,184,Mythic,Near Mint,Normal,1.01,,,,,1,,https://tcgplayer-cdn.tcgplayer.com/product/499282_in_200x200.jpg
498449,7175480,Magic: The Gathering,Universes Beyond: The Lord of the Rings: Tales of Middle-earth,"Quickbeam, Upstart Ent (Borderless)",,419,Uncommon,Near Mint,Normal,0.22,,,,,1,,https://tcgplayer-cdn.tcgplayer.com/product/498449_in_200x200.jpg
499944,7215488,Magic: The Gathering,Universes Beyond: The Lord of the Rings: Tales of Middle-earth,Sam's Desperate Rescue,,105,Common,Near Mint,Normal,0.18,,,,,1,,https://tcgplayer-cdn.tcgplayer.com/product/499944_in_200x200.jpg
498437,7174550,Magic: The Gathering,Universes Beyond: The Lord of the Rings: Tales of Middle-earth,Shadow of the Enemy (Borderless),,424,Mythic,Near Mint,Normal,2.38,,,,,1,,https://tcgplayer-cdn.tcgplayer.com/product/498437_in_200x200.jpg
498441,7174870,Magic: The Gathering,Universes Beyond: The Lord of the Rings: Tales of Middle-earth,"Gothmog, Morgul Lieutenant (Borderless)",,429,Uncommon,Near Mint,Normal,0.25,,,,,1,,https://tcgplayer-cdn.tcgplayer.com/product/498441_in_200x200.jpg
499871,7212123,Magic: The Gathering,Universes Beyond: The Lord of the Rings: Tales of Middle-earth,Lash of the Balrog (Borderless),,408,Common,Near Mint,Normal,0.18,,,,,2,,https://tcgplayer-cdn.tcgplayer.com/product/499871_in_200x200.jpg
498419,7173140,Magic: The Gathering,Universes Beyond: The Lord of the Rings: Tales of Middle-earth,Mirkwood Bats (Borderless),,421,Common,Near Mint,Normal,0.85,,,,,2,,https://tcgplayer-cdn.tcgplayer.com/product/498419_in_200x200.jpg
498421,7173300,Magic: The Gathering,Universes Beyond: The Lord of the Rings: Tales of Middle-earth,Voracious Fell Beast (Borderless),,422,Uncommon,Near Mint,Normal,0.20,,,,,1,,https://tcgplayer-cdn.tcgplayer.com/product/498421_in_200x200.jpg
498430,7173990,Magic: The Gathering,Universes Beyond: The Lord of the Rings: Tales of Middle-earth,Nasty End (Borderless),,416,Common,Near Mint,Normal,0.21,,,,,5,,https://tcgplayer-cdn.tcgplayer.com/product/498430_in_200x200.jpg
499543,7200220,Magic: The Gathering,Commander: The Lord of the Rings: Tales of Middle-earth,Go for the Throat,,201,Uncommon,Near Mint,Normal,0.94,,,,,1,,https://tcgplayer-cdn.tcgplayer.com/product/499543_in_200x200.jpg
498312,7164995,Magic: The Gathering,Universes Beyond: The Lord of the Rings: Tales of Middle-earth,Easterling Vanguard,,83,Common,Near Mint,Normal,0.11,,,,,4,,https://tcgplayer-cdn.tcgplayer.com/product/498312_in_200x200.jpg
498394,7171200,Magic: The Gathering,Universes Beyond: The Lord of the Rings: Tales of Middle-earth,Voracious Fell Beast,,113,Uncommon,Near Mint,Normal,0.21,,,,,2,,https://tcgplayer-cdn.tcgplayer.com/product/498394_in_200x200.jpg
498352,7167925,Magic: The Gathering,Universes Beyond: The Lord of the Rings: Tales of Middle-earth,Mirkwood Bats,,95,Common,Near Mint,Normal,1.82,,,,,2,,https://tcgplayer-cdn.tcgplayer.com/product/498352_in_200x200.jpg
499408,7196752,Magic: The Gathering,Universes Beyond: The Lord of the Rings: Tales of Middle-earth,Claim the Precious,,81,Common,Near Mint,Normal,0.30,,,,,2,,https://tcgplayer-cdn.tcgplayer.com/product/499408_in_200x200.jpg
499870,7212043,Magic: The Gathering,Universes Beyond: The Lord of the Rings: Tales of Middle-earth,Lash of the Balrog,,92,Common,Near Mint,Normal,0.28,,,,,2,,https://tcgplayer-cdn.tcgplayer.com/product/499870_in_200x200.jpg
498528,7178397,Magic: The Gathering,Universes Beyond: The Lord of the Rings: Tales of Middle-earth,March from the Black Gate,,94,Uncommon,Near Mint,Normal,0.25,,,,,2,,https://tcgplayer-cdn.tcgplayer.com/product/498528_in_200x200.jpg
498334,7166525,Magic: The Gathering,Universes Beyond: The Lord of the Rings: Tales of Middle-earth,"Gothmog, Morgul Lieutenant",,87,Uncommon,Near Mint,Normal,0.28,,,,,2,,https://tcgplayer-cdn.tcgplayer.com/product/498334_in_200x200.jpg
499501,7199235,Magic: The Gathering,Commander: The Lord of the Rings: Tales of Middle-earth,Sanguine Bond,,208,Rare,Near Mint,Normal,5.29,,,,,1,,https://tcgplayer-cdn.tcgplayer.com/product/499501_in_200x200.jpg
498385,7170510,Magic: The Gathering,Universes Beyond: The Lord of the Rings: Tales of Middle-earth,Shelob's Ambush,,108,Common,Near Mint,Normal,0.12,,,,,2,,https://tcgplayer-cdn.tcgplayer.com/product/498385_in_200x200.jpg
498431,7174070,Magic: The Gathering,Universes Beyond: The Lord of the Rings: Tales of Middle-earth,Dunland Crebain (Borderless),,411,Common,Near Mint,Normal,0.22,,,,,4,,https://tcgplayer-cdn.tcgplayer.com/product/498431_in_200x200.jpg
498387,7170670,Magic: The Gathering,Universes Beyond: The Lord of the Rings: Tales of Middle-earth,Snarling Warg,,109,Common,Near Mint,Normal,0.17,,,,,1,,https://tcgplayer-cdn.tcgplayer.com/product/498387_in_200x200.jpg
498358,7168405,Magic: The Gathering,Universes Beyond: The Lord of the Rings: Tales of Middle-earth,Nazgul (0335),,335,Uncommon,Near Mint,Normal,25.23,,,,,1,,https://tcgplayer-cdn.tcgplayer.com/product/498358_in_200x200.jpg
499025,7187594,Magic: The Gathering,Universes Beyond: The Lord of the Rings: Tales of Middle-earth,Grima Wormtongue,,88,Uncommon,Near Mint,Normal,0.26,,,,,3,,https://tcgplayer-cdn.tcgplayer.com/product/499025_in_200x200.jpg
498523,7177997,Magic: The Gathering,Universes Beyond: The Lord of the Rings: Tales of Middle-earth,The Torment of Gollum,,110,Common,Near Mint,Normal,0.26,,,,,2,,https://tcgplayer-cdn.tcgplayer.com/product/498523_in_200x200.jpg
501093,7227316,Magic: The Gathering,Prerelease Cards,Lobelia Sackville-Baggins (0399),,399,Rare,Near Mint,Foil,3.36,,,,,1,,https://tcgplayer-cdn.tcgplayer.com/product/501093_in_200x200.jpg
498823,7185706,Magic: The Gathering,Universes Beyond: The Lord of the Rings: Tales of Middle-earth,Bitter Downfall,,77,Uncommon,Near Mint,Normal,0.19,,,,,4,,https://tcgplayer-cdn.tcgplayer.com/product/498823_in_200x200.jpg
499941,7215278,Magic: The Gathering,Universes Beyond: The Lord of the Rings: Tales of Middle-earth,Cirith Ungol Patrol,,80,Common,Near Mint,Normal,0.15,,,,,5,,https://tcgplayer-cdn.tcgplayer.com/product/499941_in_200x200.jpg
499288,7191889,Magic: The Gathering,Universes Beyond: The Lord of the Rings: Tales of Middle-earth,Uruk-hai Berserker,,112,Common,Near Mint,Normal,0.15,,,,,3,,https://tcgplayer-cdn.tcgplayer.com/product/499288_in_200x200.jpg
498610,7181936,Magic: The Gathering,Universes Beyond: The Lord of the Rings: Tales of Middle-earth,One Ring to Rule Them All,,102,Rare,Near Mint,Normal,2.16,,,,,2,,https://tcgplayer-cdn.tcgplayer.com/product/498610_in_200x200.jpg
499563,7200530,Magic: The Gathering,Commander: The Lord of the Rings: Tales of Middle-earth,Commander's Sphere,,276,Common,Near Mint,Normal,0.39,,,,,3,,https://tcgplayer-cdn.tcgplayer.com/product/499563_in_200x200.jpg
499609,7202051,Magic: The Gathering,Commander: The Lord of the Rings: Tales of Middle-earth,Living Death,,203,Rare,Near Mint,Normal,7.37,,,,,1,,https://tcgplayer-cdn.tcgplayer.com/product/499609_in_200x200.jpg
499600,7201761,Magic: The Gathering,Commander: The Lord of the Rings: Tales of Middle-earth,Summons of Saruman,,70,Rare,Near Mint,Normal,0.37,,,,,1,,https://tcgplayer-cdn.tcgplayer.com/product/499600_in_200x200.jpg
499662,7204166,Magic: The Gathering,Commander: The Lord of the Rings: Tales of Middle-earth,Everflowing Chalice,,278,Uncommon,Near Mint,Normal,0.37,,,,,1,,https://tcgplayer-cdn.tcgplayer.com/product/499662_in_200x200.jpg
498410,7172410,Magic: The Gathering,Commander: The Lord of the Rings: Tales of Middle-earth,Field of Ruin,,308,Uncommon,Near Mint,Normal,0.31,,,,,2,,https://tcgplayer-cdn.tcgplayer.com/product/498410_in_200x200.jpg
499684,7205046,Magic: The Gathering,Commander: The Lord of the Rings: Tales of Middle-earth,Smoldering Marsh,,332,Rare,Near Mint,Normal,0.40,,,,,1,,https://tcgplayer-cdn.tcgplayer.com/product/499684_in_200x200.jpg
499664,7204246,Magic: The Gathering,Commander: The Lord of the Rings: Tales of Middle-earth,Worn Powerstone,,293,Uncommon,Near Mint,Normal,0.51,,,,,1,,https://tcgplayer-cdn.tcgplayer.com/product/499664_in_200x200.jpg
499562,7200490,Magic: The Gathering,Commander: The Lord of the Rings: Tales of Middle-earth,Arcane Signet,,273,Common,Near Mint,Normal,0.77,,,,,3,,https://tcgplayer-cdn.tcgplayer.com/product/499562_in_200x200.jpg
499742,7207366,Magic: The Gathering,Commander: The Lord of the Rings: Tales of Middle-earth,"Shelob, Dread Weaver",,29,Rare,Near Mint,Normal,0.82,,,,,1,,https://tcgplayer-cdn.tcgplayer.com/product/499742_in_200x200.jpg
499642,7203366,Magic: The Gathering,Commander: The Lord of the Rings: Tales of Middle-earth,Goblin Cratermaker,,218,Uncommon,Near Mint,Normal,0.32,,,,,1,,https://tcgplayer-cdn.tcgplayer.com/product/499642_in_200x200.jpg
499644,7203446,Magic: The Gathering,Commander: The Lord of the Rings: Tales of Middle-earth,Arcane Denial,,184,Common,Near Mint,Normal,3.75,,,,,1,,https://tcgplayer-cdn.tcgplayer.com/product/499644_in_200x200.jpg
499726,7206726,Magic: The Gathering,Commander: The Lord of the Rings: Tales of Middle-earth,Corsairs of Umbar,,19,Rare,Near Mint,Normal,0.32,,,,,1,,https://tcgplayer-cdn.tcgplayer.com/product/499726_in_200x200.jpg
499626,7202731,Magic: The Gathering,Commander: The Lord of the Rings: Tales of Middle-earth,Goblin Dark-Dwellers,,219,Rare,Near Mint,Normal,0.32,,,,,1,,https://tcgplayer-cdn.tcgplayer.com/product/499626_in_200x200.jpg
499632,7202971,Magic: The Gathering,Commander: The Lord of the Rings: Tales of Middle-earth,Scourge of the Throne,,225,Mythic,Near Mint,Normal,0.76,,,,,1,,https://tcgplayer-cdn.tcgplayer.com/product/499632_in_200x200.jpg
499678,7204806,Magic: The Gathering,Commander: The Lord of the Rings: Tales of Middle-earth,Dragonskull Summit,,304,Rare,Near Mint,Normal,1.81,,,,,1,,https://tcgplayer-cdn.tcgplayer.com/product/499678_in_200x200.jpg
499599,7201721,Magic: The Gathering,Commander: The Lord of the Rings: Tales of Middle-earth,"Too Greedily, Too Deep",,72,Rare,Near Mint,Normal,0.28,,,,,1,,https://tcgplayer-cdn.tcgplayer.com/product/499599_in_200x200.jpg
499639,7203251,Magic: The Gathering,Commander: The Lord of the Rings: Tales of Middle-earth,Merciless Executioner,,204,Uncommon,Near Mint,Normal,0.43,,,,,1,,https://tcgplayer-cdn.tcgplayer.com/product/499639_in_200x200.jpg
499592,7201511,Magic: The Gathering,Commander: The Lord of the Rings: Tales of Middle-earth,Rogue's Passage,,326,Uncommon,Near Mint,Normal,0.77,,,,,2,,https://tcgplayer-cdn.tcgplayer.com/product/499592_in_200x200.jpg
499693,7205406,Magic: The Gathering,Commander: The Lord of the Rings: Tales of Middle-earth,Sunken Hollow,,335,Rare,Near Mint,Normal,0.41,,,,,1,,https://tcgplayer-cdn.tcgplayer.com/product/499693_in_200x200.jpg
498318,7165435,Magic: The Gathering,Commander: The Lord of the Rings: Tales of Middle-earth,Feed the Swarm,,200,Common,Near Mint,Normal,0.38,,,,,1,,https://tcgplayer-cdn.tcgplayer.com/product/498318_in_200x200.jpg
499595,7201631,Magic: The Gathering,Commander: The Lord of the Rings: Tales of Middle-earth,The Black Gate,,80,Rare,Near Mint,Normal,9.31,,,,,1,,https://tcgplayer-cdn.tcgplayer.com/product/499595_in_200x200.jpg
499661,7204126,Magic: The Gathering,Commander: The Lord of the Rings: Tales of Middle-earth,Basalt Monolith,,274,Uncommon,Near Mint,Normal,5.42,,,,,1,,https://tcgplayer-cdn.tcgplayer.com/product/499661_in_200x200.jpg
499649,7203646,Magic: The Gathering,Commander: The Lord of the Rings: Tales of Middle-earth,Fact or Fiction,,190,Uncommon,Near Mint,Normal,0.27,,,,,1,,https://tcgplayer-cdn.tcgplayer.com/product/499649_in_200x200.jpg
499670,7204486,Magic: The Gathering,Commander: The Lord of the Rings: Tales of Middle-earth,Choked Estuary,,299,Rare,Near Mint,Normal,0.35,,,,,1,,https://tcgplayer-cdn.tcgplayer.com/product/499670_in_200x200.jpg
499695,7205486,Magic: The Gathering,Commander: The Lord of the Rings: Tales of Middle-earth,Underground River,,342,Rare,Near Mint,Normal,2.60,,,,,1,,https://tcgplayer-cdn.tcgplayer.com/product/499695_in_200x200.jpg
499628,7202811,Magic: The Gathering,Commander: The Lord of the Rings: Tales of Middle-earth,Inferno Titan,,223,Mythic,Near Mint,Normal,0.32,,,,,1,,https://tcgplayer-cdn.tcgplayer.com/product/499628_in_200x200.jpg
499597,7201676,Magic: The Gathering,Commander: The Lord of the Rings: Tales of Middle-earth,Relic of Sauron,,79,Rare,Near Mint,Normal,9.11,,,,,1,,https://tcgplayer-cdn.tcgplayer.com/product/499597_in_200x200.jpg
499680,7204886,Magic: The Gathering,Commander: The Lord of the Rings: Tales of Middle-earth,Foreboding Ruins,,310,Rare,Near Mint,Normal,0.37,,,,,1,,https://tcgplayer-cdn.tcgplayer.com/product/499680_in_200x200.jpg
499735,7207086,Magic: The Gathering,Commander: The Lord of the Rings: Tales of Middle-earth,"Saruman, the White Hand",,8,Mythic,Near Mint,Normal,0.79,,,,,1,,https://tcgplayer-cdn.tcgplayer.com/product/499735_in_200x200.jpg
499707,7205966,Magic: The Gathering,Commander: The Lord of the Rings: Tales of Middle-earth,Wake the Dragon,,74,Rare,Near Mint,Normal,0.37,,,,,1,,https://tcgplayer-cdn.tcgplayer.com/product/499707_in_200x200.jpg
499611,7202131,Magic: The Gathering,Commander: The Lord of the Rings: Tales of Middle-earth,Reanimate,,206,Rare,Near Mint,Normal,9.62,,,,,1,,https://tcgplayer-cdn.tcgplayer.com/product/499611_in_200x200.jpg
499603,7201811,Magic: The Gathering,Commander: The Lord of the Rings: Tales of Middle-earth,Moria Scavenger,,63,Rare,Near Mint,Normal,0.39,,,,,1,,https://tcgplayer-cdn.tcgplayer.com/product/499603_in_200x200.jpg
499604,7201851,Magic: The Gathering,Commander: The Lord of the Rings: Tales of Middle-earth,Lidless Gaze,,59,Rare,Near Mint,Normal,0.30,,,,,1,,https://tcgplayer-cdn.tcgplayer.com/product/499604_in_200x200.jpg
499589,7201391,Magic: The Gathering,Commander: The Lord of the Rings: Tales of Middle-earth,Command Tower,,301,Common,Near Mint,Normal,0.28,,,,,3,,https://tcgplayer-cdn.tcgplayer.com/product/499589_in_200x200.jpg
499618,7202411,Magic: The Gathering,Commander: The Lord of the Rings: Tales of Middle-earth,Deep Analysis,,188,Common,Near Mint,Normal,0.31,,,,,1,,https://tcgplayer-cdn.tcgplayer.com/product/499618_in_200x200.jpg
498336,7166685,Magic: The Gathering,Universes Beyond: The Lord of the Rings: Tales of Middle-earth,"Grishnakh, Brash Instigator",,134,Uncommon,Near Mint,Normal,0.20,,,,,3,,https://tcgplayer-cdn.tcgplayer.com/product/498336_in_200x200.jpg
499640,7203286,Magic: The Gathering,Commander: The Lord of the Rings: Tales of Middle-earth,Anger,,210,Uncommon,Near Mint,Normal,1.11,,,,,1,,https://tcgplayer-cdn.tcgplayer.com/product/499640_in_200x200.jpg
499630,7202891,Magic: The Gathering,Commander: The Lord of the Rings: Tales of Middle-earth,Knollspine Dragon,,224,Rare,Near Mint,Normal,0.38,,,,,1,,https://tcgplayer-cdn.tcgplayer.com/product/499630_in_200x200.jpg
499608,7202011,Magic: The Gathering,Commander: The Lord of the Rings: Tales of Middle-earth,Languish,,202,Rare,Near Mint,Normal,0.35,,,,,1,,https://tcgplayer-cdn.tcgplayer.com/product/499608_in_200x200.jpg
499650,7203686,Magic: The Gathering,Commander: The Lord of the Rings: Tales of Middle-earth,Forbidden Alchemy,,191,Common,Near Mint,Normal,0.26,,,,,1,,https://tcgplayer-cdn.tcgplayer.com/product/499650_in_200x200.jpg
499607,7201971,Magic: The Gathering,Commander: The Lord of the Rings: Tales of Middle-earth,Decree of Pain,,199,Rare,Near Mint,Normal,0.36,,,,,1,,https://tcgplayer-cdn.tcgplayer.com/product/499607_in_200x200.jpg
499622,7202571,Magic: The Gathering,Commander: The Lord of the Rings: Tales of Middle-earth,Extract from Darkness,,266,Uncommon,Near Mint,Normal,0.33,,,,,1,,https://tcgplayer-cdn.tcgplayer.com/product/499622_in_200x200.jpg
499652,7203766,Magic: The Gathering,Commander: The Lord of the Rings: Tales of Middle-earth,Thrill of Possibility,,229,Common,Near Mint,Normal,0.29,,,,,1,,https://tcgplayer-cdn.tcgplayer.com/product/499652_in_200x200.jpg
499703,7205806,Magic: The Gathering,Commander: The Lord of the Rings: Tales of Middle-earth,Terramorphic Expanse,,337,Common,Near Mint,Normal,0.27,,,,,1,,https://tcgplayer-cdn.tcgplayer.com/product/499703_in_200x200.jpg
499687,7205166,Magic: The Gathering,Commander: The Lord of the Rings: Tales of Middle-earth,Sulfur Falls,,333,Rare,Near Mint,Normal,0.40,,,,,1,,https://tcgplayer-cdn.tcgplayer.com/product/499687_in_200x200.jpg
499591,7201471,Magic: The Gathering,Commander: The Lord of the Rings: Tales of Middle-earth,Path of Ancestry,,322,Common,Near Mint,Normal,0.36,,,,,2,,https://tcgplayer-cdn.tcgplayer.com/product/499591_in_200x200.jpg
499656,7203926,Magic: The Gathering,Commander: The Lord of the Rings: Tales of Middle-earth,Revenge of Ravens,,207,Uncommon,Near Mint,Normal,0.45,,,,,1,,https://tcgplayer-cdn.tcgplayer.com/product/499656_in_200x200.jpg
499634,7203051,Magic: The Gathering,Commander: The Lord of the Rings: Tales of Middle-earth,Siege-Gang Commander,,228,Rare,Near Mint,Normal,0.30,,,,,1,,https://tcgplayer-cdn.tcgplayer.com/product/499634_in_200x200.jpg
499699,7205646,Magic: The Gathering,Commander: The Lord of the Rings: Tales of Middle-earth,Crumbling Necropolis,,302,Uncommon,Near Mint,Normal,0.40,,,,,1,,https://tcgplayer-cdn.tcgplayer.com/product/499699_in_200x200.jpg
499691,7205326,Magic: The Gathering,Commander: The Lord of the Rings: Tales of Middle-earth,Sulfurous Springs,,334,Rare,Near Mint,Normal,3.16,,,,,1,,https://tcgplayer-cdn.tcgplayer.com/product/499691_in_200x200.jpg
499606,7201931,Magic: The Gathering,Commander: The Lord of the Rings: Tales of Middle-earth,In the Darkness Bind Them,,58,Rare,Near Mint,Normal,1.74,,,,,1,,https://tcgplayer-cdn.tcgplayer.com/product/499606_in_200x200.jpg
499659,7204046,Magic: The Gathering,Commander: The Lord of the Rings: Tales of Middle-earth,Shiny Impetus,,227,Common,Near Mint,Normal,0.35,,,,,1,,https://tcgplayer-cdn.tcgplayer.com/product/499659_in_200x200.jpg
499620,7202491,Magic: The Gathering,Commander: The Lord of the Rings: Tales of Middle-earth,Faithless Looting,,215,Common,Near Mint,Normal,0.66,,,,,1,,https://tcgplayer-cdn.tcgplayer.com/product/499620_in_200x200.jpg
499638,7203211,Magic: The Gathering,Commander: The Lord of the Rings: Tales of Middle-earth,Notion Thief,,270,Rare,Near Mint,Normal,4.18,,,,,1,,https://tcgplayer-cdn.tcgplayer.com/product/499638_in_200x200.jpg
498317,7165395,Magic: The Gathering,Commander: The Lord of the Rings: Tales of Middle-earth,Evolving Wilds,,306,Common,Near Mint,Normal,0.27,,,,,2,,https://tcgplayer-cdn.tcgplayer.com/product/498317_in_200x200.jpg
498351,7167885,Magic: The Gathering,Commander: The Lord of the Rings: Tales of Middle-earth,Mind Stone,,282,Uncommon,Near Mint,Normal,0.38,,,,,1,,https://tcgplayer-cdn.tcgplayer.com/product/498351_in_200x200.jpg
499614,7202251,Magic: The Gathering,Commander: The Lord of the Rings: Tales of Middle-earth,Boon of the Wish-Giver,,185,Uncommon,Near Mint,Normal,0.27,,,,,1,,https://tcgplayer-cdn.tcgplayer.com/product/499614_in_200x200.jpg
499721,7206526,Magic: The Gathering,Commander: The Lord of the Rings: Tales of Middle-earth,Rampaging War Mammoth,,34,Rare,Near Mint,Normal,0.34,,,,,1,,https://tcgplayer-cdn.tcgplayer.com/product/499721_in_200x200.jpg
499683,7205006,Magic: The Gathering,Commander: The Lord of the Rings: Tales of Middle-earth,Frostboil Snarl,,312,Rare,Near Mint,Normal,0.34,,,,,1,,https://tcgplayer-cdn.tcgplayer.com/product/499683_in_200x200.jpg
499647,7203566,Magic: The Gathering,Commander: The Lord of the Rings: Tales of Middle-earth,Consider,,187,Common,Near Mint,Normal,1.12,,,,,1,,https://tcgplayer-cdn.tcgplayer.com/product/499647_in_200x200.jpg
498392,7171040,Magic: The Gathering,Universes Beyond: The Lord of the Rings: Tales of Middle-earth,Treason of Isengard,,74,Common,Near Mint,Normal,0.18,,,,,2,,https://tcgplayer-cdn.tcgplayer.com/product/498392_in_200x200.jpg
488278,7029207,Magic: The Gathering,Commander: The Lord of the Rings: Tales of Middle-earth,Sol Ring,,284,Uncommon,Near Mint,Normal,3.90,,,,,3,,https://tcgplayer-cdn.tcgplayer.com/product/488278_in_200x200.jpg
499732,7206966,Magic: The Gathering,Commander: The Lord of the Rings: Tales of Middle-earth,Cavern-Hoard Dragon,,31,Rare,Near Mint,Normal,20.08,,,,,1,,https://tcgplayer-cdn.tcgplayer.com/product/499732_in_200x200.jpg
499679,7204846,Magic: The Gathering,Commander: The Lord of the Rings: Tales of Middle-earth,Drowned Catacomb,,305,Rare,Near Mint,Normal,2.46,,,,,1,,https://tcgplayer-cdn.tcgplayer.com/product/499679_in_200x200.jpg
498752,7185050,Magic: The Gathering,Universes Beyond: The Lord of the Rings: Tales of Middle-earth,Troll of Khazad-dum,,111,Common,Near Mint,Normal,0.59,,,,,2,,https://tcgplayer-cdn.tcgplayer.com/product/498752_in_200x200.jpg
499613,7202211,Magic: The Gathering,Commander: The Lord of the Rings: Tales of Middle-earth,Blasphemous Act,,211,Rare,Near Mint,Normal,2.69,,,,,1,,https://tcgplayer-cdn.tcgplayer.com/product/499613_in_200x200.jpg
499723,7206606,Magic: The Gathering,Commander: The Lord of the Rings: Tales of Middle-earth,Monstrosity of the Lake,,22,Rare,Near Mint,Normal,0.35,,,,,1,,https://tcgplayer-cdn.tcgplayer.com/product/499723_in_200x200.jpg
499724,7206646,Magic: The Gathering,Commander: The Lord of the Rings: Tales of Middle-earth,Subjugate the Hobbits,,24,Rare,Near Mint,Normal,0.32,,,,,1,,https://tcgplayer-cdn.tcgplayer.com/product/499724_in_200x200.jpg
499637,7203171,Magic: The Gathering,Commander: The Lord of the Rings: Tales of Middle-earth,Hostage Taker,,268,Rare,Near Mint,Normal,0.33,,,,,1,,https://tcgplayer-cdn.tcgplayer.com/product/499637_in_200x200.jpg
500087,7218719,Magic: The Gathering,Commander: The Lord of the Rings: Tales of Middle-earth,The Balrog of Moria,,46,Rare,Near Mint,Normal,0.48,,,,,1,,https://tcgplayer-cdn.tcgplayer.com/product/500087_in_200x200.jpg
499635,7203091,Magic: The Gathering,Commander: The Lord of the Rings: Tales of Middle-earth,Treasure Nabber,,230,Rare,Near Mint,Normal,2.03,,,,,1,,https://tcgplayer-cdn.tcgplayer.com/product/499635_in_200x200.jpg
499672,7204566,Magic: The Gathering,Commander: The Lord of the Rings: Tales of Middle-earth,Desolate Lighthouse,,303,Rare,Near Mint,Normal,0.32,,,,,1,,https://tcgplayer-cdn.tcgplayer.com/product/499672_in_200x200.jpg
499749,7207646,Magic: The Gathering,Commander: The Lord of the Rings: Tales of Middle-earth,"Grima, Saruman's Footman",,57,Rare,Near Mint,Normal,2.07,,,,,1,,https://tcgplayer-cdn.tcgplayer.com/product/499749_in_200x200.jpg
499215,7190043,Magic: The Gathering,Universes Beyond: The Lord of the Rings: Tales of Middle-earth,The Mouth of Sauron,,216,Uncommon,Near Mint,Normal,0.19,,,,,1,,https://tcgplayer-cdn.tcgplayer.com/product/499215_in_200x200.jpg
499208,7189562,Magic: The Gathering,Universes Beyond: The Lord of the Rings: Tales of Middle-earth,Fiery Inscription,,126,Uncommon,Near Mint,Normal,0.43,,,,,3,,https://tcgplayer-cdn.tcgplayer.com/product/499208_in_200x200.jpg
499605,7201891,Magic: The Gathering,Commander: The Lord of the Rings: Tales of Middle-earth,Lord of the Nazgul,,60,Rare,Near Mint,Normal,3.82,,,,,1,,https://tcgplayer-cdn.tcgplayer.com/product/499605_in_200x200.jpg
499698,7205606,Magic: The Gathering,Commander: The Lord of the Rings: Tales of Middle-earth,Orcish Siegemaster,,33,Rare,Near Mint,Normal,0.83,,,,,1,,https://tcgplayer-cdn.tcgplayer.com/product/499698_in_200x200.jpg
498468,7227446,Magic: The Gathering,Commander: The Lord of the Rings: Tales of Middle-earth,"Sauron, Lord of the Rings",,4,Mythic,Near Mint,Normal,0.59,,,,,1,,https://tcgplayer-cdn.tcgplayer.com/product/498468_in_200x200.jpg
499772,7208566,Magic: The Gathering,Commander: The Lord of the Rings: Tales of Middle-earth,Lightning Greaves,,281,Uncommon,Near Mint,Normal,4.86,,,,,1,,https://tcgplayer-cdn.tcgplayer.com/product/499772_in_200x200.jpg
499204,7189247,Magic: The Gathering,Universes Beyond: The Lord of the Rings: Tales of Middle-earth,Mirror of Galadriel,,244,Uncommon,Near Mint,Normal,0.28,,,,,2,,https://tcgplayer-cdn.tcgplayer.com/product/499204_in_200x200.jpg
499774,7208646,Magic: The Gathering,Commander: The Lord of the Rings: Tales of Middle-earth,Whispersilk Cloak,,292,Uncommon,Near Mint,Normal,3.07,,,,,1,,https://tcgplayer-cdn.tcgplayer.com/product/499774_in_200x200.jpg
499802,7209741,Magic: The Gathering,Commander: The Lord of the Rings: Tales of Middle-earth,Woodland Stream,,347,Common,Near Mint,Normal,0.28,,,,,1,,https://tcgplayer-cdn.tcgplayer.com/product/499802_in_200x200.jpg
499780,7208856,Magic: The Gathering,Commander: The Lord of the Rings: Tales of Middle-earth,Flooded Grove,,309,Rare,Near Mint,Normal,0.35,,,,,1,,https://tcgplayer-cdn.tcgplayer.com/product/499780_in_200x200.jpg
499783,7208976,Magic: The Gathering,Commander: The Lord of the Rings: Tales of Middle-earth,Hinterland Harbor,,317,Rare,Near Mint,Normal,0.40,,,,,1,,https://tcgplayer-cdn.tcgplayer.com/product/499783_in_200x200.jpg
499784,7209016,Magic: The Gathering,Commander: The Lord of the Rings: Tales of Middle-earth,Rejuvenating Springs,,325,Rare,Near Mint,Normal,4.74,,,,,1,,https://tcgplayer-cdn.tcgplayer.com/product/499784_in_200x200.jpg
499788,7209176,Magic: The Gathering,Commander: The Lord of the Rings: Tales of Middle-earth,Vineglimmer Snarl,,343,Rare,Near Mint,Normal,0.29,,,,,1,,https://tcgplayer-cdn.tcgplayer.com/product/499788_in_200x200.jpg
499793,7209381,Magic: The Gathering,Commander: The Lord of the Rings: Tales of Middle-earth,Lonely Sandbar,,319,Uncommon,Near Mint,Normal,0.31,,,,,1,,https://tcgplayer-cdn.tcgplayer.com/product/499793_in_200x200.jpg
499795,7209461,Magic: The Gathering,Commander: The Lord of the Rings: Tales of Middle-earth,Thornwood Falls,,338,Common,Near Mint,Normal,0.30,,,,,1,,https://tcgplayer-cdn.tcgplayer.com/product/499795_in_200x200.jpg
499799,7209621,Magic: The Gathering,Commander: The Lord of the Rings: Tales of Middle-earth,Tranquil Thicket,,341,Uncommon,Near Mint,Normal,0.29,,,,,1,,https://tcgplayer-cdn.tcgplayer.com/product/499799_in_200x200.jpg
498536,7178484,Magic: The Gathering,Universes Beyond: The Lord of the Rings: Tales of Middle-earth,Mines of Moria,,257,Rare,Near Mint,Normal,3.70,,,,,1,,https://tcgplayer-cdn.tcgplayer.com/product/498536_in_200x200.jpg
488285,7029482,Magic: The Gathering,Prerelease Cards,The Shire,,260,Rare,Near Mint,Foil,9.71,,,,,1,,https://tcgplayer-cdn.tcgplayer.com/product/488285_in_200x200.jpg
499586,7201271,Magic: The Gathering,Commander: The Lord of the Rings: Tales of Middle-earth,Access Tunnel,,294,Uncommon,Near Mint,Normal,0.45,,,,,1,,https://tcgplayer-cdn.tcgplayer.com/product/499586_in_200x200.jpg
499580,7201070,Magic: The Gathering,Commander: The Lord of the Rings: Tales of Middle-earth,Scattered Groves,,328,Rare,Near Mint,Normal,0.28,,,,,1,,https://tcgplayer-cdn.tcgplayer.com/product/499580_in_200x200.jpg
499567,7200690,Magic: The Gathering,Commander: The Lord of the Rings: Tales of Middle-earth,Canopy Vista,,298,Rare,Near Mint,Normal,0.38,,,,,1,,https://tcgplayer-cdn.tcgplayer.com/product/499567_in_200x200.jpg
499577,7200950,Magic: The Gathering,Commander: The Lord of the Rings: Tales of Middle-earth,Murmuring Bosk,,320,Rare,Near Mint,Normal,0.36,,,,,1,,https://tcgplayer-cdn.tcgplayer.com/product/499577_in_200x200.jpg
499565,7200610,Magic: The Gathering,Commander: The Lord of the Rings: Tales of Middle-earth,Brushland,,297,Rare,Near Mint,Normal,1.55,,,,,1,,https://tcgplayer-cdn.tcgplayer.com/product/499565_in_200x200.jpg
499590,7201431,Magic: The Gathering,Commander: The Lord of the Rings: Tales of Middle-earth,Ghost Quarter,,314,Uncommon,Near Mint,Normal,0.65,,,,,1,,https://tcgplayer-cdn.tcgplayer.com/product/499590_in_200x200.jpg
499579,7201030,Magic: The Gathering,Commander: The Lord of the Rings: Tales of Middle-earth,Necroblossom Snarl,,321,Rare,Near Mint,Normal,0.74,,,,,1,,https://tcgplayer-cdn.tcgplayer.com/product/499579_in_200x200.jpg
499594,7201591,Magic: The Gathering,Commander: The Lord of the Rings: Tales of Middle-earth,Scoured Barrens,,329,Common,Near Mint,Normal,0.30,,,,,1,,https://tcgplayer-cdn.tcgplayer.com/product/499594_in_200x200.jpg
499593,7201551,Magic: The Gathering,Commander: The Lord of the Rings: Tales of Middle-earth,Sandsteppe Citadel,,327,Uncommon,Near Mint,Normal,0.35,,,,,1,,https://tcgplayer-cdn.tcgplayer.com/product/499593_in_200x200.jpg
499569,7200735,Magic: The Gathering,Commander: The Lord of the Rings: Tales of Middle-earth,Exotic Orchard,,307,Rare,Near Mint,Normal,0.36,,,,,2,,https://tcgplayer-cdn.tcgplayer.com/product/499569_in_200x200.jpg
499584,7201191,Magic: The Gathering,Commander: The Lord of the Rings: Tales of Middle-earth,Sunpetal Grove,,336,Rare,Near Mint,Normal,0.72,,,,,1,,https://tcgplayer-cdn.tcgplayer.com/product/499584_in_200x200.jpg
499585,7201231,Magic: The Gathering,Commander: The Lord of the Rings: Tales of Middle-earth,Woodland Cemetery,,346,Rare,Near Mint,Normal,1.50,,,,,1,,https://tcgplayer-cdn.tcgplayer.com/product/499585_in_200x200.jpg
499573,7200860,Magic: The Gathering,Commander: The Lord of the Rings: Tales of Middle-earth,Isolated Chapel,,318,Rare,Near Mint,Normal,0.45,,,,,1,,https://tcgplayer-cdn.tcgplayer.com/product/499573_in_200x200.jpg
499571,7200780,Magic: The Gathering,Commander: The Lord of the Rings: Tales of Middle-earth,Fortified Village,,311,Rare,Near Mint,Normal,0.32,,,,,1,,https://tcgplayer-cdn.tcgplayer.com/product/499571_in_200x200.jpg
499588,7201351,Magic: The Gathering,Commander: The Lord of the Rings: Tales of Middle-earth,Ash Barrens,,295,Uncommon,Near Mint,Normal,0.33,,,,,2,,https://tcgplayer-cdn.tcgplayer.com/product/499588_in_200x200.jpg
499770,7208486,Magic: The Gathering,Commander: The Lord of the Rings: Tales of Middle-earth,Hithlain Rope,,76,Rare,Near Mint,Normal,0.51,,,,,1,,https://tcgplayer-cdn.tcgplayer.com/product/499770_in_200x200.jpg
488282,7029392,Magic: The Gathering,Buy-A-Box Promos,Lorien Brooch - Trailblazer's Boots,,398,Promo,Near Mint,Foil,2.94,,,,,1,,https://tcgplayer-cdn.tcgplayer.com/product/488282_in_200x200.jpg
499916,7213398,Magic: The Gathering,Universes Beyond: The Lord of the Rings: Tales of Middle-earth,Inherited Envelope,,242,Common,Near Mint,Normal,0.29,,,,,4,,https://tcgplayer-cdn.tcgplayer.com/product/499916_in_200x200.jpg
498542,7178836,Magic: The Gathering,Universes Beyond: The Lord of the Rings: Tales of Middle-earth,Horn of Gondor,,240,Rare,Near Mint,Normal,3.05,,,,,1,,https://tcgplayer-cdn.tcgplayer.com/product/498542_in_200x200.jpg
499294,7192339,Magic: The Gathering,Universes Beyond: The Lord of the Rings: Tales of Middle-earth,Horn of the Mark,,241,Rare,Near Mint,Normal,0.43,,,,,1,,https://tcgplayer-cdn.tcgplayer.com/product/499294_in_200x200.jpg
499026,7187674,Magic: The Gathering,Universes Beyond: The Lord of the Rings: Tales of Middle-earth,Slip on the Ring,,31,Common,Near Mint,Normal,0.21,,,,,3,,https://tcgplayer-cdn.tcgplayer.com/product/499026_in_200x200.jpg
499402,7196452,Magic: The Gathering,Universes Beyond: The Lord of the Rings: Tales of Middle-earth,Glamdring,,239,Mythic,Near Mint,Normal,2.75,,,,,1,,https://tcgplayer-cdn.tcgplayer.com/product/499402_in_200x200.jpg
499878,7212683,Magic: The Gathering,Universes Beyond: The Lord of the Rings: Tales of Middle-earth,"Sting, the Glinting Dagger",,250,Rare,Near Mint,Normal,3.24,,,,,1,,https://tcgplayer-cdn.tcgplayer.com/product/499878_in_200x200.jpg
518039,7447166,Magic: The Gathering,Universes Beyond: The Lord of the Rings: Tales of Middle-earth,Slip on the Ring (Showcase Scrolls),,482,Common,Near Mint,Normal,0.73,,,,,1,,https://tcgplayer-cdn.tcgplayer.com/product/518039_in_200x200.jpg
499401,7196372,Magic: The Gathering,Universes Beyond: The Lord of the Rings: Tales of Middle-earth,Stone of Erech,,251,Uncommon,Near Mint,Normal,0.29,,,,,1,,https://tcgplayer-cdn.tcgplayer.com/product/499401_in_200x200.jpg
498683,7184208,Magic: The Gathering,Universes Beyond: The Lord of the Rings: Tales of Middle-earth,Barrow-Blade,,237,Uncommon,Near Mint,Normal,0.51,,,,,1,,https://tcgplayer-cdn.tcgplayer.com/product/498683_in_200x200.jpg
499205,7189327,Magic: The Gathering,Universes Beyond: The Lord of the Rings: Tales of Middle-earth,Ent-Draught Basin,,238,Uncommon,Near Mint,Normal,0.22,,,,,3,,https://tcgplayer-cdn.tcgplayer.com/product/499205_in_200x200.jpg
499921,7213718,Magic: The Gathering,Universes Beyond: The Lord of the Rings: Tales of Middle-earth,Shire Scarecrow,,249,Common,Near Mint,Normal,0.22,,,,,1,,https://tcgplayer-cdn.tcgplayer.com/product/499921_in_200x200.jpg
499677,7204766,Magic: The Gathering,Commander: The Lord of the Rings: Tales of Middle-earth,Lothlorien Blade,,77,Rare,Near Mint,Normal,0.30,,,,,1,,https://tcgplayer-cdn.tcgplayer.com/product/499677_in_200x200.jpg
499443,7197425,Magic: The Gathering,Universes Beyond: The Lord of the Rings: Tales of Middle-earth,Lembas,,243,Common,Near Mint,Normal,1.24,,,,,1,,https://tcgplayer-cdn.tcgplayer.com/product/499443_in_200x200.jpg
498418,7173010,Magic: The Gathering,Universes Beyond: The Lord of the Rings: Tales of Middle-earth,Wizard's Rockets,,252,Common,Near Mint,Normal,0.16,,,,,1,,https://tcgplayer-cdn.tcgplayer.com/product/498418_in_200x200.jpg
499682,7204966,Magic: The Gathering,Commander: The Lord of the Rings: Tales of Middle-earth,Model of Unity,,78,Rare,Near Mint,Normal,0.25,,,,,1,,https://tcgplayer-cdn.tcgplayer.com/product/499682_in_200x200.jpg
498309,7164755,Magic: The Gathering,Universes Beyond: The Lord of the Rings: Tales of Middle-earth,Dunedain Blade,,6,Common,Near Mint,Normal,0.16,,,,,2,,https://tcgplayer-cdn.tcgplayer.com/product/498309_in_200x200.jpg
499557,7200395,Magic: The Gathering,Commander: The Lord of the Rings: Tales of Middle-earth,Trading Post,,288,Rare,Near Mint,Normal,0.35,,,,,1,,https://tcgplayer-cdn.tcgplayer.com/product/499557_in_200x200.jpg
499564,7200570,Magic: The Gathering,Commander: The Lord of the Rings: Tales of Middle-earth,Pristine Talisman,,283,Common,Near Mint,Normal,0.42,,,,,1,,https://tcgplayer-cdn.tcgplayer.com/product/499564_in_200x200.jpg
499561,7200450,Magic: The Gathering,Commander: The Lord of the Rings: Tales of Middle-earth,Well of Lost Dreams,,291,Rare,Near Mint,Normal,3.42,,,,,1,,https://tcgplayer-cdn.tcgplayer.com/product/499561_in_200x200.jpg
499548,7200315,Magic: The Gathering,Commander: The Lord of the Rings: Tales of Middle-earth,Chromatic Lantern,,275,Rare,Near Mint,Normal,1.34,,,,,1,,https://tcgplayer-cdn.tcgplayer.com/product/499548_in_200x200.jpg
499754,7207846,Magic: The Gathering,Commander: The Lord of the Rings: Tales of Middle-earth,Field-Tested Frying Pan,,11,Rare,Near Mint,Normal,0.35,,,,,1,,https://tcgplayer-cdn.tcgplayer.com/product/499754_in_200x200.jpg
498373,7169550,Magic: The Gathering,Universes Beyond: The Lord of the Rings: Tales of Middle-earth,Prince Imrahil the Fair,,219,Uncommon,Near Mint,Normal,0.25,,,,,3,,https://tcgplayer-cdn.tcgplayer.com/product/498373_in_200x200.jpg
499532,7200020,Magic: The Gathering,Commander: The Lord of the Rings: Tales of Middle-earth,Anguished Unmaking,,265,Rare,Near Mint,Normal,2.64,,,,,1,,https://tcgplayer-cdn.tcgplayer.com/product/499532_in_200x200.jpg
498860,7186674,Magic: The Gathering,Universes Beyond: The Lord of the Rings: Tales of Middle-earth,"Theoden, King of Rohan",,233,Uncommon,Near Mint,Normal,0.16,,,,,1,,https://tcgplayer-cdn.tcgplayer.com/product/498860_in_200x200.jpg
499370,7195577,Magic: The Gathering,Universes Beyond: The Lord of the Rings: Tales of Middle-earth,Arwen Undomiel,,194,Uncommon,Near Mint,Normal,0.23,,,,,1,,https://tcgplayer-cdn.tcgplayer.com/product/499370_in_200x200.jpg
498741,7184920,Magic: The Gathering,Universes Beyond: The Lord of the Rings: Tales of Middle-earth,"Legolas, Counter of Kills",,212,Uncommon,Near Mint,Normal,0.16,,,,,1,,https://tcgplayer-cdn.tcgplayer.com/product/498741_in_200x200.jpg
498307,7164595,Magic: The Gathering,Universes Beyond: The Lord of the Rings: Tales of Middle-earth,"Butterbur, Bree Innkeeper",,197,Uncommon,Near Mint,Normal,0.16,,,,,2,,https://tcgplayer-cdn.tcgplayer.com/product/498307_in_200x200.jpg
498592,7181046,Magic: The Gathering,Universes Beyond: The Lord of the Rings: Tales of Middle-earth,"Strider, Ranger of the North",,232,Uncommon,Near Mint,Normal,0.17,,,,,2,,https://tcgplayer-cdn.tcgplayer.com/product/498592_in_200x200.jpg
500310,7221410,Magic: The Gathering,Universes Beyond: The Lord of the Rings: Tales of Middle-earth,Gandalf's Sanction,,208,Uncommon,Near Mint,Normal,0.19,,,,,1,,https://tcgplayer-cdn.tcgplayer.com/product/500310_in_200x200.jpg
498436,7174470,Magic: The Gathering,Universes Beyond: The Lord of the Rings: Tales of Middle-earth,"Pippin, Guard of the Citadel (Borderless)",,438,Rare,Near Mint,Normal,1.62,,,,,1,,https://tcgplayer-cdn.tcgplayer.com/product/498436_in_200x200.jpg
499719,7206446,Magic: The Gathering,Commander: The Lord of the Rings: Tales of Middle-earth,Banquet Guests,,47,Rare,Near Mint,Normal,0.46,,,,,1,,https://tcgplayer-cdn.tcgplayer.com/product/499719_in_200x200.jpg
498739,7184840,Magic: The Gathering,Universes Beyond: The Lord of the Rings: Tales of Middle-earth,"Legolas, Counter of Kills (Showcase)",,324,Uncommon,Near Mint,Foil,0.43,,,,,1,,https://tcgplayer-cdn.tcgplayer.com/product/498739_in_200x200.jpg
499874,7212368,Magic: The Gathering,Universes Beyond: The Lord of the Rings: Tales of Middle-earth,"The Balrog, Durin's Bane (Borderless)",,405,Rare,Near Mint,Foil,2.03,,,,,1,,https://tcgplayer-cdn.tcgplayer.com/product/499874_in_200x200.jpg
499216,7190128,Magic: The Gathering,Universes Beyond: The Lord of the Rings: Tales of Middle-earth,Rise of the Witch-King,,221,Uncommon,Near Mint,Foil,0.92,,,,,1,,https://tcgplayer-cdn.tcgplayer.com/product/499216_in_200x200.jpg
499566,7200650,Magic: The Gathering,Commander: The Lord of the Rings: Tales of Middle-earth,"Gandalf, Westward Voyager",,6,Mythic,Near Mint,Foil,0.36,,,,,1,,https://tcgplayer-cdn.tcgplayer.com/product/499566_in_200x200.jpg
498470,7176900,Magic: The Gathering,Commander: The Lord of the Rings: Tales of Middle-earth,"Frodo, Adventurous Hobbit",,2,Mythic,Near Mint,Foil,0.37,,,,,1,,https://tcgplayer-cdn.tcgplayer.com/product/498470_in_200x200.jpg
488279,7029247,Magic: The Gathering,Commander: The Lord of the Rings: Tales of Middle-earth,"Sam, Loyal Attendant",,7,Mythic,Near Mint,Foil,0.50,,,,,1,,https://tcgplayer-cdn.tcgplayer.com/product/488279_in_200x200.jpg
498316,7165315,Magic: The Gathering,Universes Beyond: The Lord of the Rings: Tales of Middle-earth,"Eowyn, Fearless Knight",,201,Rare,Near Mint,Normal,0.72,,,,,1,,https://tcgplayer-cdn.tcgplayer.com/product/498316_in_200x200.jpg
499868,7211883,Magic: The Gathering,Universes Beyond: The Lord of the Rings: Tales of Middle-earth,"Aragorn, Company Leader",,191,Rare,Near Mint,Normal,0.31,,,,,1,,https://tcgplayer-cdn.tcgplayer.com/product/499868_in_200x200.jpg
499646,7203526,Magic: The Gathering,Commander: The Lord of the Rings: Tales of Middle-earth,Cirdan the Shipwright,,50,Rare,Near Mint,Normal,0.30,,,,,1,,https://tcgplayer-cdn.tcgplayer.com/product/499646_in_200x200.jpg
499651,7203726,Magic: The Gathering,Commander: The Lord of the Rings: Tales of Middle-earth,Elrond of the White Council,,51,Rare,Near Mint,Normal,0.30,,,,,1,,https://tcgplayer-cdn.tcgplayer.com/product/499651_in_200x200.jpg
499217,7190203,Magic: The Gathering,Universes Beyond: The Lord of the Rings: Tales of Middle-earth,"Shagrat, Loot Bearer",,228,Rare,Near Mint,Normal,0.27,,,,,1,,https://tcgplayer-cdn.tcgplayer.com/product/499217_in_200x200.jpg
499214,7189963,Magic: The Gathering,Universes Beyond: The Lord of the Rings: Tales of Middle-earth,Gwaihir the Windlord,,210,Uncommon,Near Mint,Normal,0.29,,,,,1,,https://tcgplayer-cdn.tcgplayer.com/product/499214_in_200x200.jpg
498521,7177837,Magic: The Gathering,Universes Beyond: The Lord of the Rings: Tales of Middle-earth,Friendly Rivalry,,204,Uncommon,Near Mint,Normal,0.18,,,,,1,,https://tcgplayer-cdn.tcgplayer.com/product/498521_in_200x200.jpg
499439,7197105,Magic: The Gathering,Universes Beyond: The Lord of the Rings: Tales of Middle-earth,Shadow Summoning,,226,Uncommon,Near Mint,Normal,0.16,,,,,2,,https://tcgplayer-cdn.tcgplayer.com/product/499439_in_200x200.jpg
498527,7178317,Magic: The Gathering,Universes Beyond: The Lord of the Rings: Tales of Middle-earth,Ringsight,,220,Uncommon,Near Mint,Normal,0.33,,,,,1,,https://tcgplayer-cdn.tcgplayer.com/product/498527_in_200x200.jpg
499440,7197185,Magic: The Gathering,Universes Beyond: The Lord of the Rings: Tales of Middle-earth,Old Man Willow,,217,Uncommon,Near Mint,Normal,0.20,,,,,1,,https://tcgplayer-cdn.tcgplayer.com/product/499440_in_200x200.jpg
498348,7167645,Magic: The Gathering,Universes Beyond: The Lord of the Rings: Tales of Middle-earth,"Merry, Esquire of Rohan",,215,Rare,Near Mint,Normal,0.53,,,,,2,,https://tcgplayer-cdn.tcgplayer.com/product/498348_in_200x200.jpg
499398,7196282,Magic: The Gathering,Universes Beyond: The Lord of the Rings: Tales of Middle-earth,"Smeagol, Helpful Guide (Showcase)",,330,Rare,Near Mint,Normal,0.42,,,,,1,,https://tcgplayer-cdn.tcgplayer.com/product/499398_in_200x200.jpg
498739,7184835,Magic: The Gathering,Universes Beyond: The Lord of the Rings: Tales of Middle-earth,"Legolas, Counter of Kills (Showcase)",,324,Uncommon,Near Mint,Normal,0.25,,,,,1,,https://tcgplayer-cdn.tcgplayer.com/product/498739_in_200x200.jpg
499946,7215648,Magic: The Gathering,Universes Beyond: The Lord of the Rings: Tales of Middle-earth,Sauron's Ransom,,225,Rare,Near Mint,Normal,0.61,,,,,1,,https://tcgplayer-cdn.tcgplayer.com/product/499946_in_200x200.jpg
499872,7212203,Magic: The Gathering,Universes Beyond: The Lord of the Rings: Tales of Middle-earth,Flame of Anor,,203,Rare,Near Mint,Normal,3.55,,,,,1,,https://tcgplayer-cdn.tcgplayer.com/product/499872_in_200x200.jpg
498346,7167485,Magic: The Gathering,Universes Beyond: The Lord of the Rings: Tales of Middle-earth,"Mauhur, Uruk-hai Captain",,214,Uncommon,Near Mint,Normal,0.24,,,,,1,,https://tcgplayer-cdn.tcgplayer.com/product/498346_in_200x200.jpg
498393,7171120,Magic: The Gathering,Universes Beyond: The Lord of the Rings: Tales of Middle-earth,Ugluk of the White Hand,,235,Uncommon,Near Mint,Normal,0.15,,,,,2,,https://tcgplayer-cdn.tcgplayer.com/product/498393_in_200x200.jpg
499216,7190123,Magic: The Gathering,Universes Beyond: The Lord of the Rings: Tales of Middle-earth,Rise of the Witch-King,,221,Uncommon,Near Mint,Normal,0.54,,,,,2,,https://tcgplayer-cdn.tcgplayer.com/product/499216_in_200x200.jpg
499722,7206566,Magic: The Gathering,Commander: The Lord of the Rings: Tales of Middle-earth,Farmer Cotton,,55,Rare,Near Mint,Normal,2.60,,,,,1,,https://tcgplayer-cdn.tcgplayer.com/product/499722_in_200x200.jpg
499267,7190989,Magic: The Gathering,Universes Beyond: The Lord of the Rings: Tales of Middle-earth,King of the Oathbreakers,,211,Rare,Near Mint,Normal,0.30,,,,,1,,https://tcgplayer-cdn.tcgplayer.com/product/499267_in_200x200.jpg
499333,7194214,Magic: The Gathering,Universes Beyond: The Lord of the Rings: Tales of Middle-earth,"Sharkey, Tyrant of the Shire",,229,Rare,Near Mint,Normal,0.22,,,,,1,,https://tcgplayer-cdn.tcgplayer.com/product/499333_in_200x200.jpg
499738,7207206,Magic: The Gathering,Commander: The Lord of the Rings: Tales of Middle-earth,Growth Spiral,,267,Common,Near Mint,Normal,0.39,,,,,1,,https://tcgplayer-cdn.tcgplayer.com/product/499738_in_200x200.jpg
499654,7203846,Magic: The Gathering,Commander: The Lord of the Rings: Tales of Middle-earth,Erestor of the Council,,53,Rare,Near Mint,Normal,0.24,,,,,1,,https://tcgplayer-cdn.tcgplayer.com/product/499654_in_200x200.jpg
499658,7204006,Magic: The Gathering,Commander: The Lord of the Rings: Tales of Middle-earth,Mirkwood Trapper,,62,Rare,Near Mint,Normal,0.24,,,,,1,,https://tcgplayer-cdn.tcgplayer.com/product/499658_in_200x200.jpg
499668,7204406,Magic: The Gathering,Commander: The Lord of the Rings: Tales of Middle-earth,Sail into the West,,68,Rare,Near Mint,Normal,0.27,,,,,1,,https://tcgplayer-cdn.tcgplayer.com/product/499668_in_200x200.jpg
518112,7447896,Magic: The Gathering,Commander: The Lord of the Rings: Tales of Middle-earth,Song of Earendil (Showcase Scrolls),,479,Rare,Near Mint,Normal,2.08,,,,,1,,https://tcgplayer-cdn.tcgplayer.com/product/518112_in_200x200.jpg
499529,7199970,Magic: The Gathering,Commander: The Lord of the Rings: Tales of Middle-earth,Savvy Hunter,,271,Uncommon,Near Mint,Normal,0.33,,,,,1,,https://tcgplayer-cdn.tcgplayer.com/product/499529_in_200x200.jpg
488277,7177415,Magic: The Gathering,Commander: The Lord of the Rings: Tales of Middle-earth,"Radagast, Wizard of Wilds",,66,Rare,Near Mint,Normal,0.22,,,,,1,,https://tcgplayer-cdn.tcgplayer.com/product/488277_in_200x200.jpg
500080,7218644,Magic: The Gathering,Commander: The Lord of the Rings: Tales of Middle-earth,"Gandalf, Westward Voyager (Extended Art)",,89,Mythic,Near Mint,Normal,0.52,,,,,1,,https://tcgplayer-cdn.tcgplayer.com/product/500080_in_200x200.jpg
498650,7183756,Magic: The Gathering,Universes Beyond: The Lord of the Rings: Tales of Middle-earth,"Shadowfax, Lord of Horses",,227,Uncommon,Near Mint,Normal,0.17,,,,,1,,https://tcgplayer-cdn.tcgplayer.com/product/498650_in_200x200.jpg
499441,7197265,Magic: The Gathering,Universes Beyond: The Lord of the Rings: Tales of Middle-earth,"Denethor, Ruling Steward",,198,Uncommon,Near Mint,Normal,0.24,,,,,2,,https://tcgplayer-cdn.tcgplayer.com/product/499441_in_200x200.jpg
500146,7219774,Magic: The Gathering,Commander: The Lord of the Rings: Tales of Middle-earth,"Treebeard, Gracious Host (Extended Art)",,153,Rare,Near Mint,Normal,7.13,,,,,1,,https://tcgplayer-cdn.tcgplayer.com/product/500146_in_200x200.jpg
500131,7219524,Magic: The Gathering,Commander: The Lord of the Rings: Tales of Middle-earth,"Pippin, Warden of Isengard",,65,Rare,Near Mint,Normal,0.54,,,,,1,,https://tcgplayer-cdn.tcgplayer.com/product/500131_in_200x200.jpg
499974,7217304,Magic: The Gathering,Commander: The Lord of the Rings: Tales of Middle-earth,"Merry, Warden of Isengard",,61,Rare,Near Mint,Normal,0.33,,,,,1,,https://tcgplayer-cdn.tcgplayer.com/product/499974_in_200x200.jpg
500096,7218839,Magic: The Gathering,Commander: The Lord of the Rings: Tales of Middle-earth,"Bilbo, Birthday Celebrant",,48,Rare,Near Mint,Normal,0.36,,,,,1,,https://tcgplayer-cdn.tcgplayer.com/product/500096_in_200x200.jpg
498412,7172530,Magic: The Gathering,Universes Beyond: The Lord of the Rings: Tales of Middle-earth,"Bilbo, Retired Burglar",,196,Uncommon,Near Mint,Normal,0.26,,,,,1,,https://tcgplayer-cdn.tcgplayer.com/product/498412_in_200x200.jpg
498411,7172450,Magic: The Gathering,Universes Beyond: The Lord of the Rings: Tales of Middle-earth,Frodo Baggins,,205,Uncommon,Near Mint,Normal,0.17,,,,,1,,https://tcgplayer-cdn.tcgplayer.com/product/498411_in_200x200.jpg
498378,7169950,Magic: The Gathering,Universes Beyond: The Lord of the Rings: Tales of Middle-earth,Samwise Gamgee,,222,Rare,Near Mint,Normal,2.96,,,,,1,,https://tcgplayer-cdn.tcgplayer.com/product/498378_in_200x200.jpg
499547,7200275,Magic: The Gathering,Commander: The Lord of the Rings: Tales of Middle-earth,Mortify,,269,Uncommon,Near Mint,Normal,0.33,,,,,1,,https://tcgplayer-cdn.tcgplayer.com/product/499547_in_200x200.jpg
499818,7210381,Magic: The Gathering,Commander: The Lord of the Rings: Tales of Middle-earth,"Treebeard, Gracious Host",,73,Rare,Near Mint,Normal,2.02,,,,,1,,https://tcgplayer-cdn.tcgplayer.com/product/499818_in_200x200.jpg
498447,7175350,Magic: The Gathering,Universes Beyond: The Lord of the Rings: Tales of Middle-earth,Knights of Dol Amroth (Borderless),,432,Common,Near Mint,Normal,0.23,,,,,2,,https://tcgplayer-cdn.tcgplayer.com/product/498447_in_200x200.jpg
499733,7207006,Magic: The Gathering,Commander: The Lord of the Rings: Tales of Middle-earth,Preordain,,196,Common,Near Mint,Normal,1.05,,,,,1,,https://tcgplayer-cdn.tcgplayer.com/product/499733_in_200x200.jpg
498417,7172930,Magic: The Gathering,Universes Beyond: The Lord of the Rings: Tales of Middle-earth,Arwen's Gift,,39,Common,Near Mint,Normal,0.16,,,,,3,,https://tcgplayer-cdn.tcgplayer.com/product/498417_in_200x200.jpg
499959,7216618,Magic: The Gathering,Universes Beyond: The Lord of the Rings: Tales of Middle-earth,Ithilien Kingfisher,,58,Common,Near Mint,Normal,0.13,,,,,1,,https://tcgplayer-cdn.tcgplayer.com/product/499959_in_200x200.jpg
499451,7198035,Magic: The Gathering,Universes Beyond: The Lord of the Rings: Tales of Middle-earth,Lost Isle Calling (Borderless),,444,Rare,Near Mint,Normal,0.37,,,,,1,,https://tcgplayer-cdn.tcgplayer.com/product/499451_in_200x200.jpg
499271,7191204,Magic: The Gathering,Universes Beyond: The Lord of the Rings: Tales of Middle-earth,Horses of the Bruinen,,55,Uncommon,Near Mint,Normal,0.20,,,,,2,,https://tcgplayer-cdn.tcgplayer.com/product/499271_in_200x200.jpg
498859,7186624,Magic: The Gathering,Universes Beyond: The Lord of the Rings: Tales of Middle-earth,Press the Enemy (Extended Art),,352,Rare,Near Mint,Normal,0.96,,,,,1,,https://tcgplayer-cdn.tcgplayer.com/product/498859_in_200x200.jpg
498680,7183968,Magic: The Gathering,Universes Beyond: The Lord of the Rings: Tales of Middle-earth,Borne Upon a Wind,,44,Rare,Near Mint,Normal,3.61,,,,,1,,https://tcgplayer-cdn.tcgplayer.com/product/498680_in_200x200.jpg
498522,7177917,Magic: The Gathering,Universes Beyond: The Lord of the Rings: Tales of Middle-earth,Saruman the White,,67,Uncommon,Near Mint,Normal,0.24,,,,,2,,https://tcgplayer-cdn.tcgplayer.com/product/498522_in_200x200.jpg
498522,7177922,Magic: The Gathering,Universes Beyond: The Lord of the Rings: Tales of Middle-earth,Saruman the White,,67,Uncommon,Near Mint,Foil,0.33,,,,,1,,https://tcgplayer-cdn.tcgplayer.com/product/498522_in_200x200.jpg
498447,7175355,Magic: The Gathering,Universes Beyond: The Lord of the Rings: Tales of Middle-earth,Knights of Dol Amroth (Borderless),,432,Common,Near Mint,Foil,0.28,,,,,1,,https://tcgplayer-cdn.tcgplayer.com/product/498447_in_200x200.jpg
498416,7172855,Magic: The Gathering,Universes Beyond: The Lord of the Rings: Tales of Middle-earth,Saruman's Trickery,,68,Uncommon,Near Mint,Foil,0.31,,,,,1,,https://tcgplayer-cdn.tcgplayer.com/product/498416_in_200x200.jpg
499949,7215853,Magic: The Gathering,Universes Beyond: The Lord of the Rings: Tales of Middle-earth,Captain of Umbar,,45,Common,Near Mint,Foil,0.24,,,,,1,,https://tcgplayer-cdn.tcgplayer.com/product/499949_in_200x200.jpg
498822,7185631,Magic: The Gathering,Universes Beyond: The Lord of the Rings: Tales of Middle-earth,The Bath Song,,40,Uncommon,Near Mint,Foil,0.35,,,,,1,,https://tcgplayer-cdn.tcgplayer.com/product/498822_in_200x200.jpg
499290,7192049,Magic: The Gathering,Universes Beyond: The Lord of the Rings: Tales of Middle-earth,Surrounded by Orcs,,73,Common,Near Mint,Normal,0.17,,,,,1,,https://tcgplayer-cdn.tcgplayer.com/product/499290_in_200x200.jpg
498796,7185398,Magic: The Gathering,Universes Beyond: The Lord of the Rings: Tales of Middle-earth,Press the Enemy,,65,Rare,Near Mint,Normal,0.60,,,,,1,,https://tcgplayer-cdn.tcgplayer.com/product/498796_in_200x200.jpg
501295,7229719,Magic: The Gathering,Prerelease Cards,Rangers of Ithilien,,66,Rare,Near Mint,Foil,1.08,,,,,1,,https://tcgplayer-cdn.tcgplayer.com/product/501295_in_200x200.jpg
499572,7200820,Magic: The Gathering,Commander: The Lord of the Rings: Tales of Middle-earth,Raise the Palisade,,23,Rare,Near Mint,Normal,11.66,,,,,1,,https://tcgplayer-cdn.tcgplayer.com/product/499572_in_200x200.jpg
499574,7200900,Magic: The Gathering,Commander: The Lord of the Rings: Tales of Middle-earth,Trap the Trespassers,,25,Rare,Near Mint,Normal,0.31,,,,,1,,https://tcgplayer-cdn.tcgplayer.com/product/499574_in_200x200.jpg
499729,7206846,Magic: The Gathering,Commander: The Lord of the Rings: Tales of Middle-earth,Colossal Whale,,186,Rare,Near Mint,Normal,0.20,,,,,1,,https://tcgplayer-cdn.tcgplayer.com/product/499729_in_200x200.jpg
499740,7207286,Magic: The Gathering,Commander: The Lord of the Rings: Tales of Middle-earth,Devastation Tide,,189,Rare,Near Mint,Normal,0.31,,,,,1,,https://tcgplayer-cdn.tcgplayer.com/product/499740_in_200x200.jpg
499745,7207486,Magic: The Gathering,Commander: The Lord of the Rings: Tales of Middle-earth,Mystic Confluence,,193,Rare,Near Mint,Normal,0.49,,,,,1,,https://tcgplayer-cdn.tcgplayer.com/product/499745_in_200x200.jpg
499747,7207566,Magic: The Gathering,Commander: The Lord of the Rings: Tales of Middle-earth,Plea for Power,,195,Rare,Near Mint,Normal,0.28,,,,,1,,https://tcgplayer-cdn.tcgplayer.com/product/499747_in_200x200.jpg
499750,7207686,Magic: The Gathering,Commander: The Lord of the Rings: Tales of Middle-earth,Swan Song,,197,Rare,Near Mint,Normal,10.77,,,,,1,,https://tcgplayer-cdn.tcgplayer.com/product/499750_in_200x200.jpg
498822,7185626,Magic: The Gathering,Universes Beyond: The Lord of the Rings: Tales of Middle-earth,The Bath Song,,40,Uncommon,Near Mint,Normal,0.32,,,,,1,,https://tcgplayer-cdn.tcgplayer.com/product/498822_in_200x200.jpg
498413,7172610,Magic: The Gathering,Universes Beyond: The Lord of the Rings: Tales of Middle-earth,"Gandalf, Friend of the Shire",,50,Uncommon,Near Mint,Normal,0.41,,,,,1,,https://tcgplayer-cdn.tcgplayer.com/product/498413_in_200x200.jpg
499949,7215848,Magic: The Gathering,Universes Beyond: The Lord of the Rings: Tales of Middle-earth,Captain of Umbar,,45,Common,Near Mint,Normal,0.09,,,,,2,,https://tcgplayer-cdn.tcgplayer.com/product/499949_in_200x200.jpg
499197,7189003,Magic: The Gathering,Universes Beyond: The Lord of the Rings: Tales of Middle-earth,"Elrond, Lord of Rivendell",,49,Uncommon,Near Mint,Normal,0.30,,,,,2,,https://tcgplayer-cdn.tcgplayer.com/product/499197_in_200x200.jpg
499957,7216488,Magic: The Gathering,Universes Beyond: The Lord of the Rings: Tales of Middle-earth,Isolation at Orthanc,,57,Common,Near Mint,Normal,0.17,,,,,1,,https://tcgplayer-cdn.tcgplayer.com/product/499957_in_200x200.jpg
498609,7181856,Magic: The Gathering,Universes Beyond: The Lord of the Rings: Tales of Middle-earth,Ioreth of the Healing House,,56,Uncommon,Near Mint,Normal,0.35,,,,,2,,https://tcgplayer-cdn.tcgplayer.com/product/498609_in_200x200.jpg
499961,7216778,Magic: The Gathering,Universes Beyond: The Lord of the Rings: Tales of Middle-earth,Nimrodel Watcher,,63,Common,Near Mint,Normal,0.18,,,,,1,,https://tcgplayer-cdn.tcgplayer.com/product/499961_in_200x200.jpg
498389,7170830,Magic: The Gathering,Universes Beyond: The Lord of the Rings: Tales of Middle-earth,Storm of Saruman,,72,Mythic,Near Mint,Normal,3.48,,,,,1,,https://tcgplayer-cdn.tcgplayer.com/product/498389_in_200x200.jpg
498416,7172850,Magic: The Gathering,Universes Beyond: The Lord of the Rings: Tales of Middle-earth,Saruman's Trickery,,68,Uncommon,Near Mint,Normal,0.25,,,,,1,,https://tcgplayer-cdn.tcgplayer.com/product/498416_in_200x200.jpg
499406,7196667,Magic: The Gathering,Universes Beyond: The Lord of the Rings: Tales of Middle-earth,Birthday Escape,,43,Common,Near Mint,Normal,0.40,,,,,2,,https://tcgplayer-cdn.tcgplayer.com/product/499406_in_200x200.jpg
498690,7184393,Magic: The Gathering,Universes Beyond: The Lord of the Rings: Tales of Middle-earth,"Meneldor, Swift Savior",,62,Uncommon,Near Mint,Normal,0.22,,,,,1,,https://tcgplayer-cdn.tcgplayer.com/product/498690_in_200x200.jpg
499466,7198835,Magic: The Gathering,Universes Beyond: The Lord of the Rings: Tales of Middle-earth,Soothing of Smeagol,,70,Common,Near Mint,Normal,0.35,,,,,1,,https://tcgplayer-cdn.tcgplayer.com/product/499466_in_200x200.jpg
499952,7216088,Magic: The Gathering,Universes Beyond: The Lord of the Rings: Tales of Middle-earth,Glorious Gale,,51,Common,Near Mint,Normal,0.16,,,,,1,,https://tcgplayer-cdn.tcgplayer.com/product/499952_in_200x200.jpg
499964,7217018,Magic: The Gathering,Universes Beyond: The Lord of the Rings: Tales of Middle-earth,Willow-Wind,,76,Common,Near Mint,Normal,0.13,,,,,2,,https://tcgplayer-cdn.tcgplayer.com/product/499964_in_200x200.jpg
498684,7184288,Magic: The Gathering,Universes Beyond: The Lord of the Rings: Tales of Middle-earth,Stern Scolding,,71,Uncommon,Near Mint,Normal,0.32,,,,,3,,https://tcgplayer-cdn.tcgplayer.com/product/498684_in_200x200.jpg
499953,7216168,Magic: The Gathering,Universes Beyond: The Lord of the Rings: Tales of Middle-earth,Grey Havens Navigator,,53,Common,Near Mint,Normal,0.12,,,,,2,,https://tcgplayer-cdn.tcgplayer.com/product/499953_in_200x200.jpg
499951,7216008,Magic: The Gathering,Universes Beyond: The Lord of the Rings: Tales of Middle-earth,Dreadful as the Storm,,48,Common,Near Mint,Normal,0.13,,,,,2,,https://tcgplayer-cdn.tcgplayer.com/product/499951_in_200x200.jpg
499950,7215928,Magic: The Gathering,Universes Beyond: The Lord of the Rings: Tales of Middle-earth,Deceive the Messenger,,47,Common,Near Mint,Normal,0.15,,,,,2,,https://tcgplayer-cdn.tcgplayer.com/product/499950_in_200x200.jpg
499955,7216328,Magic: The Gathering,Universes Beyond: The Lord of the Rings: Tales of Middle-earth,Hithlain Knots,,54,Common,Near Mint,Normal,0.16,,,,,4,,https://tcgplayer-cdn.tcgplayer.com/product/499955_in_200x200.jpg
499963,7216938,Magic: The Gathering,Universes Beyond: The Lord of the Rings: Tales of Middle-earth,Pelargir Survivor,,64,Common,Near Mint,Normal,0.19,,,,,3,,https://tcgplayer-cdn.tcgplayer.com/product/499963_in_200x200.jpg
498619,7182436,Magic: The Gathering,Universes Beyond: The Lord of the Rings: Tales of Middle-earth,"Bill Ferny, Bree Swindler",,42,Uncommon,Near Mint,Normal,0.09,,,,,2,,https://tcgplayer-cdn.tcgplayer.com/product/498619_in_200x200.jpg
499948,7215768,Magic: The Gathering,Universes Beyond: The Lord of the Rings: Tales of Middle-earth,Bewitching Leechcraft,,41,Common,Near Mint,Normal,0.10,,,,,4,,https://tcgplayer-cdn.tcgplayer.com/product/499948_in_200x200.jpg
498554,7179706,Magic: The Gathering,Universes Beyond: The Lord of the Rings: Tales of Middle-earth,Council's Deliberation,,46,Uncommon,Near Mint,Normal,0.18,,,,,2,,https://tcgplayer-cdn.tcgplayer.com/product/498554_in_200x200.jpg
498339,7166925,Magic: The Gathering,Universes Beyond: The Lord of the Rings: Tales of Middle-earth,Knights of Dol Amroth,,59,Common,Near Mint,Normal,0.17,,,,,1,,https://tcgplayer-cdn.tcgplayer.com/product/498339_in_200x200.jpg
499960,7216698,Magic: The Gathering,Universes Beyond: The Lord of the Rings: Tales of Middle-earth,Lorien Revealed,,60,Common,Near Mint,Normal,3.99,,,,,2,,https://tcgplayer-cdn.tcgplayer.com/product/499960_in_200x200.jpg
499730,7206886,Magic: The Gathering,Commander: The Lord of the Rings: Tales of Middle-earth,Learn from the Past,,192,Uncommon,Near Mint,Normal,0.24,,,,,1,,https://tcgplayer-cdn.tcgplayer.com/product/499730_in_200x200.jpg
499731,7206926,Magic: The Gathering,Commander: The Lord of the Rings: Tales of Middle-earth,Opt,,194,Common,Near Mint,Normal,0.33,,,,,1,,https://tcgplayer-cdn.tcgplayer.com/product/499731_in_200x200.jpg
498390,7170910,Magic: The Gathering,Universes Beyond: The Lord of the Rings: Tales of Middle-earth,Swarming of Moria,,150,Common,Near Mint,Normal,0.18,,,,,2,,https://tcgplayer-cdn.tcgplayer.com/product/498390_in_200x200.jpg
499291,7192129,Magic: The Gathering,Universes Beyond: The Lord of the Rings: Tales of Middle-earth,Warbeast of Gorgoroth,,152,Common,Near Mint,Normal,0.17,,,,,2,,https://tcgplayer-cdn.tcgplayer.com/product/499291_in_200x200.jpg
501318,7230679,Magic: The Gathering,Prerelease Cards,"Gloin, Dwarf Emissary",,132,Rare,Near Mint,Foil,5.85,,,,,1,,https://tcgplayer-cdn.tcgplayer.com/product/501318_in_200x200.jpg
498315,7165235,Magic: The Gathering,Universes Beyond: The Lord of the Rings: Tales of Middle-earth,"Eomer, Marshal of Rohan",,120,Rare,Near Mint,Normal,0.39,,,,,1,,https://tcgplayer-cdn.tcgplayer.com/product/498315_in_200x200.jpg
498451,7175640,Magic: The Gathering,Universes Beyond: The Lord of the Rings: Tales of Middle-earth,Foray of Orcs (Borderless),,417,Uncommon,Near Mint,Normal,0.19,,,,,1,,https://tcgplayer-cdn.tcgplayer.com/product/498451_in_200x200.jpg
498319,7165475,Magic: The Gathering,Universes Beyond: The Lord of the Rings: Tales of Middle-earth,Fire of Orthanc,,127,Common,Near Mint,Normal,0.22,,,,,3,,https://tcgplayer-cdn.tcgplayer.com/product/498319_in_200x200.jpg
499208,7189567,Magic: The Gathering,Universes Beyond: The Lord of the Rings: Tales of Middle-earth,Fiery Inscription,,126,Uncommon,Near Mint,Foil,0.78,,,,,1,,https://tcgplayer-cdn.tcgplayer.com/product/499208_in_200x200.jpg
498433,7174235,Magic: The Gathering,Universes Beyond: The Lord of the Rings: Tales of Middle-earth,Oliphaunt (Borderless),,426,Common,Near Mint,Foil,0.37,,,,,1,,https://tcgplayer-cdn.tcgplayer.com/product/498433_in_200x200.jpg
498451,7175645,Magic: The Gathering,Universes Beyond: The Lord of the Rings: Tales of Middle-earth,Foray of Orcs (Borderless),,417,Uncommon,Near Mint,Foil,0.26,,,,,2,,https://tcgplayer-cdn.tcgplayer.com/product/498451_in_200x200.jpg
498543,7178936,Magic: The Gathering,Universes Beyond: The Lord of the Rings: Tales of Middle-earth,Moria Marauder,,138,Rare,Near Mint,Foil,4.21,,,,,1,,https://tcgplayer-cdn.tcgplayer.com/product/498543_in_200x200.jpg
498538,7178649,Magic: The Gathering,Universes Beyond: The Lord of the Rings: Tales of Middle-earth,Book of Mazarbul,,116,Uncommon,Near Mint,Foil,0.26,,,,,1,,https://tcgplayer-cdn.tcgplayer.com/product/498538_in_200x200.jpg
499266,7190914,Magic: The Gathering,Universes Beyond: The Lord of the Rings: Tales of Middle-earth,"Fear, Fire, Foes!",,125,Uncommon,Near Mint,Foil,0.29,,,,,1,,https://tcgplayer-cdn.tcgplayer.com/product/499266_in_200x200.jpg
499931,7214483,Magic: The Gathering,Universes Beyond: The Lord of the Rings: Tales of Middle-earth,Quarrel's End,,141,Common,Near Mint,Foil,0.24,,,,,1,,https://tcgplayer-cdn.tcgplayer.com/product/499931_in_200x200.jpg
499410,7196842,Magic: The Gathering,Universes Beyond: The Lord of the Rings: Tales of Middle-earth,Breaking of the Fellowship,,117,Common,Near Mint,Foil,0.21,,,,,1,,https://tcgplayer-cdn.tcgplayer.com/product/499410_in_200x200.jpg
498607,7181696,Magic: The Gathering,Universes Beyond: The Lord of the Rings: Tales of Middle-earth,Display of Power,,119,Rare,Near Mint,Normal,0.36,,,,,1,,https://tcgplayer-cdn.tcgplayer.com/product/498607_in_200x200.jpg
498365,7168965,Magic: The Gathering,Universes Beyond: The Lord of the Rings: Tales of Middle-earth,Oliphaunt,,139,Common,Near Mint,Normal,0.27,,,,,1,,https://tcgplayer-cdn.tcgplayer.com/product/498365_in_200x200.jpg
498824,7185786,Magic: The Gathering,Universes Beyond: The Lord of the Rings: Tales of Middle-earth,Smite the Deathless,,148,Common,Near Mint,Normal,0.24,,,,,1,,https://tcgplayer-cdn.tcgplayer.com/product/498824_in_200x200.jpg
498538,7178644,Magic: The Gathering,Universes Beyond: The Lord of the Rings: Tales of Middle-earth,Book of Mazarbul,,116,Uncommon,Near Mint,Normal,0.26,,,,,1,,https://tcgplayer-cdn.tcgplayer.com/product/498538_in_200x200.jpg
499289,7191969,Magic: The Gathering,Universes Beyond: The Lord of the Rings: Tales of Middle-earth,Battle-Scarred Goblin,,115,Common,Near Mint,Normal,0.18,,,,,1,,https://tcgplayer-cdn.tcgplayer.com/product/499289_in_200x200.jpg
499266,7190909,Magic: The Gathering,Universes Beyond: The Lord of the Rings: Tales of Middle-earth,"Fear, Fire, Foes!",,125,Uncommon,Near Mint,Normal,0.15,,,,,1,,https://tcgplayer-cdn.tcgplayer.com/product/499266_in_200x200.jpg
499369,7195497,Magic: The Gathering,Universes Beyond: The Lord of the Rings: Tales of Middle-earth,"Erkenbrand, Lord of Westfold",,123,Uncommon,Near Mint,Normal,0.18,,,,,2,,https://tcgplayer-cdn.tcgplayer.com/product/499369_in_200x200.jpg
499410,7196837,Magic: The Gathering,Universes Beyond: The Lord of the Rings: Tales of Middle-earth,Breaking of the Fellowship,,117,Common,Near Mint,Normal,0.16,,,,,1,,https://tcgplayer-cdn.tcgplayer.com/product/499410_in_200x200.jpg
499459,7198570,Magic: The Gathering,Universes Beyond: The Lord of the Rings: Tales of Middle-earth,Ranger's Firebrand,,143,Uncommon,Near Mint,Normal,0.20,,,,,1,,https://tcgplayer-cdn.tcgplayer.com/product/499459_in_200x200.jpg
498376,7169790,Magic: The Gathering,Universes Beyond: The Lord of the Rings: Tales of Middle-earth,Rising of the Day,,145,Uncommon,Near Mint,Normal,0.48,,,,,1,,https://tcgplayer-cdn.tcgplayer.com/product/498376_in_200x200.jpg
498737,7184675,Magic: The Gathering,Universes Beyond: The Lord of the Rings: Tales of Middle-earth,"Gimli, Counter of Kills",,129,Uncommon,Near Mint,Normal,0.24,,,,,1,,https://tcgplayer-cdn.tcgplayer.com/product/498737_in_200x200.jpg
498754,7185135,Magic: The Gathering,Universes Beyond: The Lord of the Rings: Tales of Middle-earth,Gimli's Fury,,131,Common,Near Mint,Normal,0.16,,,,,1,,https://tcgplayer-cdn.tcgplayer.com/product/498754_in_200x200.jpg
498433,7174230,Magic: The Gathering,Universes Beyond: The Lord of the Rings: Tales of Middle-earth,Oliphaunt (Borderless),,426,Common,Near Mint,Normal,0.27,,,,,2,,https://tcgplayer-cdn.tcgplayer.com/product/498433_in_200x200.jpg
499269,7191119,Magic: The Gathering,Universes Beyond: The Lord of the Rings: Tales of Middle-earth,Eomer of the Riddermark,,121,Uncommon,Near Mint,Normal,0.23,,,,,3,,https://tcgplayer-cdn.tcgplayer.com/product/499269_in_200x200.jpg
499412,7196922,Magic: The Gathering,Universes Beyond: The Lord of the Rings: Tales of Middle-earth,Rally at the Hornburg,,142,Common,Near Mint,Normal,0.30,,,,,2,,https://tcgplayer-cdn.tcgplayer.com/product/499412_in_200x200.jpg
499934,7214718,Magic: The Gathering,Universes Beyond: The Lord of the Rings: Tales of Middle-earth,Relentless Rohirrim,,144,Common,Near Mint,Normal,0.15,,,,,2,,https://tcgplayer-cdn.tcgplayer.com/product/499934_in_200x200.jpg
499937,7214958,Magic: The Gathering,Universes Beyond: The Lord of the Rings: Tales of Middle-earth,Rohirrim Lancer,,146,Common,Near Mint,Normal,0.15,,,,,3,,https://tcgplayer-cdn.tcgplayer.com/product/499937_in_200x200.jpg
498321,7165605,Magic: The Gathering,Universes Beyond: The Lord of the Rings: Tales of Middle-earth,Foray of Orcs,,128,Uncommon,Near Mint,Normal,0.30,,,,,1,,https://tcgplayer-cdn.tcgplayer.com/product/498321_in_200x200.jpg
498443,7175030,Magic: The Gathering,Universes Beyond: The Lord of the Rings: Tales of Middle-earth,Rising of the Day (Borderless),,427,Uncommon,Near Mint,Normal,0.80,,,,,1,,https://tcgplayer-cdn.tcgplayer.com/product/498443_in_200x200.jpg
499454,7198275,Magic: The Gathering,Universes Beyond: The Lord of the Rings: Tales of Middle-earth,Fall of Cair Andros,,124,Rare,Near Mint,Normal,0.29,,,,,1,,https://tcgplayer-cdn.tcgplayer.com/product/499454_in_200x200.jpg
498681,7184048,Magic: The Gathering,Universes Beyond: The Lord of the Rings: Tales of Middle-earth,Gimli's Axe,,130,Common,Near Mint,Normal,0.20,,,,,2,,https://tcgplayer-cdn.tcgplayer.com/product/498681_in_200x200.jpg
499929,7214318,Magic: The Gathering,Universes Beyond: The Lord of the Rings: Tales of Middle-earth,Improvised Club,,137,Common,Near Mint,Normal,0.16,,,,,3,,https://tcgplayer-cdn.tcgplayer.com/product/499929_in_200x200.jpg
499942,7215358,Magic: The Gathering,Universes Beyond: The Lord of the Rings: Tales of Middle-earth,Rush the Room,,147,Common,Near Mint,Normal,0.20,,,,,2,,https://tcgplayer-cdn.tcgplayer.com/product/499942_in_200x200.jpg
498620,7182516,Magic: The Gathering,Universes Beyond: The Lord of the Rings: Tales of Middle-earth,There and Back Again,,151,Rare,Near Mint,Normal,7.64,,,,,1,,https://tcgplayer-cdn.tcgplayer.com/product/498620_in_200x200.jpg
498332,7166395,Magic: The Gathering,Universes Beyond: The Lord of the Rings: Tales of Middle-earth,Goblin Fireleaper,,133,Uncommon,Near Mint,Normal,0.17,,,,,3,,https://tcgplayer-cdn.tcgplayer.com/product/498332_in_200x200.jpg
498366,7169045,Magic: The Gathering,Universes Beyond: The Lord of the Rings: Tales of Middle-earth,Olog-Hai Crusher,,140,Common,Near Mint,Normal,0.18,,,,,2,,https://tcgplayer-cdn.tcgplayer.com/product/498366_in_200x200.jpg
498308,7164675,Magic: The Gathering,Universes Beyond: The Lord of the Rings: Tales of Middle-earth,Cast into the Fire,,118,Common,Near Mint,Normal,0.62,,,,,2,,https://tcgplayer-cdn.tcgplayer.com/product/498308_in_200x200.jpg
499927,7214158,Magic: The Gathering,Universes Beyond: The Lord of the Rings: Tales of Middle-earth,Haradrim Spearmaster,,135,Common,Near Mint,Normal,0.15,,,,,2,,https://tcgplayer-cdn.tcgplayer.com/product/499927_in_200x200.jpg
499920,7213638,Magic: The Gathering,Universes Beyond: The Lord of the Rings: Tales of Middle-earth,Erebor Flamesmith,,122,Common,Near Mint,Normal,0.34,,,,,2,,https://tcgplayer-cdn.tcgplayer.com/product/499920_in_200x200.jpg
499931,7214478,Magic: The Gathering,Universes Beyond: The Lord of the Rings: Tales of Middle-earth,Quarrel's End,,141,Common,Near Mint,Normal,0.21,,,,,2,,https://tcgplayer-cdn.tcgplayer.com/product/499931_in_200x200.jpg
499923,7213843,Magic: The Gathering,Universes Beyond: The Lord of the Rings: Tales of Middle-earth,Esquire of the King,,13,Common,Near Mint,Foil,0.24,,,,,1,,https://tcgplayer-cdn.tcgplayer.com/product/499923_in_200x200.jpg
499026,7187679,Magic: The Gathering,Universes Beyond: The Lord of the Rings: Tales of Middle-earth,Slip on the Ring,,31,Common,Near Mint,Foil,0.35,,,,,1,,https://tcgplayer-cdn.tcgplayer.com/product/499026_in_200x200.jpg
499928,7214243,Magic: The Gathering,Universes Beyond: The Lord of the Rings: Tales of Middle-earth,Nimble Hobbit,,23,Common,Near Mint,Foil,0.18,,,,,1,,https://tcgplayer-cdn.tcgplayer.com/product/499928_in_200x200.jpg
498383,7170355,Magic: The Gathering,Universes Beyond: The Lord of the Rings: Tales of Middle-earth,Second Breakfast,,29,Common,Near Mint,Foil,0.26,,,,,1,,https://tcgplayer-cdn.tcgplayer.com/product/498383_in_200x200.jpg
518012,7446886,Magic: The Gathering,Universes Beyond: The Lord of the Rings: Tales of Middle-earth,Tale of Tinuviel (Showcase Scrolls),,485,Uncommon,Near Mint,Normal,0.48,,,,,3,,https://tcgplayer-cdn.tcgplayer.com/product/518012_in_200x200.jpg
518127,7448046,Magic: The Gathering,Universes Beyond: The Lord of the Rings: Tales of Middle-earth,"Landroval, Horizon Witness (Showcase Scrolls)",,472,Uncommon,Near Mint,Normal,0.24,,,,,2,,https://tcgplayer-cdn.tcgplayer.com/product/518127_in_200x200.jpg
499914,7213238,Magic: The Gathering,Universes Beyond: The Lord of the Rings: Tales of Middle-earth,Errand-Rider of Gondor,,11,Common,Near Mint,Normal,0.18,,,,,3,,https://tcgplayer-cdn.tcgplayer.com/product/499914_in_200x200.jpg
499926,7214078,Magic: The Gathering,Universes Beyond: The Lord of the Rings: Tales of Middle-earth,Fog on the Barrow-Downs,,16,Common,Near Mint,Normal,0.14,,,,,4,,https://tcgplayer-cdn.tcgplayer.com/product/499926_in_200x200.jpg
498395,7171280,Magic: The Gathering,Universes Beyond: The Lord of the Rings: Tales of Middle-earth,Westfold Rider,,37,Common,Near Mint,Normal,0.24,,,,,1,,https://tcgplayer-cdn.tcgplayer.com/product/498395_in_200x200.jpg
488258,7027997,Magic: The Gathering,Universes Beyond: The Lord of the Rings: Tales of Middle-earth,Samwise the Stouthearted,,28,Uncommon,Near Mint,Normal,0.26,,,,,1,,https://tcgplayer-cdn.tcgplayer.com/product/488258_in_200x200.jpg
498374,7169630,Magic: The Gathering,Universes Beyond: The Lord of the Rings: Tales of Middle-earth,Protector of Gondor,,25,Common,Near Mint,Normal,0.15,,,,,3,,https://tcgplayer-cdn.tcgplayer.com/product/498374_in_200x200.jpg
498311,7164915,Magic: The Gathering,Universes Beyond: The Lord of the Rings: Tales of Middle-earth,East-Mark Cavalier,,9,Common,Near Mint,Normal,0.09,,,,,1,,https://tcgplayer-cdn.tcgplayer.com/product/498311_in_200x200.jpg
499460,7198650,Magic: The Gathering,Universes Beyond: The Lord of the Rings: Tales of Middle-earth,"Faramir, Field Commander",,14,Uncommon,Near Mint,Normal,0.16,,,,,2,,https://tcgplayer-cdn.tcgplayer.com/product/499460_in_200x200.jpg
499310,7192629,Magic: The Gathering,Universes Beyond: The Lord of the Rings: Tales of Middle-earth,Shire Shirriff (Borderless),,441,Uncommon,Near Mint,Normal,0.20,,,,,1,,https://tcgplayer-cdn.tcgplayer.com/product/499310_in_200x200.jpg
498552,7179586,Magic: The Gathering,Universes Beyond: The Lord of the Rings: Tales of Middle-earth,Rosie Cotton of South Lane (Borderless),,440,Uncommon,Near Mint,Normal,0.34,,,,,1,,https://tcgplayer-cdn.tcgplayer.com/product/498552_in_200x200.jpg
499917,7213438,Magic: The Gathering,Universes Beyond: The Lord of the Rings: Tales of Middle-earth,Escape from Orthanc,,12,Common,Near Mint,Normal,0.19,,,,,2,,https://tcgplayer-cdn.tcgplayer.com/product/499917_in_200x200.jpg
499192,7188919,Magic: The Gathering,Universes Beyond: The Lord of the Rings: Tales of Middle-earth,Lost to Legend,,22,Uncommon,Near Mint,Normal,0.22,,,,,2,,https://tcgplayer-cdn.tcgplayer.com/product/499192_in_200x200.jpg
499930,7214398,Magic: The Gathering,Universes Beyond: The Lord of the Rings: Tales of Middle-earth,"Now for Wrath, Now for Ruin!",,24,Common,Near Mint,Normal,0.20,,,,,1,,https://tcgplayer-cdn.tcgplayer.com/product/499930_in_200x200.jpg
498383,7170350,Magic: The Gathering,Universes Beyond: The Lord of the Rings: Tales of Middle-earth,Second Breakfast,,29,Common,Near Mint,Normal,0.19,,,,,1,,https://tcgplayer-cdn.tcgplayer.com/product/498383_in_200x200.jpg
488260,7028167,Magic: The Gathering,Universes Beyond: The Lord of the Rings: Tales of Middle-earth,You Cannot Pass!,,38,Uncommon,Near Mint,Normal,0.22,,,,,2,,https://tcgplayer-cdn.tcgplayer.com/product/488260_in_200x200.jpg
499932,7214558,Magic: The Gathering,Universes Beyond: The Lord of the Rings: Tales of Middle-earth,Soldier of the Grey Host,,32,Common,Near Mint,Normal,0.15,,,,,2,,https://tcgplayer-cdn.tcgplayer.com/product/499932_in_200x200.jpg
488255,7027742,Magic: The Gathering,Universes Beyond: The Lord of the Rings: Tales of Middle-earth,Reprieve,,26,Uncommon,Near Mint,Normal,1.60,,,,,1,,https://tcgplayer-cdn.tcgplayer.com/product/488255_in_200x200.jpg
499328,7193844,Magic: The Gathering,Universes Beyond: The Lord of the Rings: Tales of Middle-earth,The Battle of Bywater,,2,Rare,Near Mint,Normal,1.85,,,,,1,,https://tcgplayer-cdn.tcgplayer.com/product/499328_in_200x200.jpg
499875,7212443,Magic: The Gathering,Universes Beyond: The Lord of the Rings: Tales of Middle-earth,Hobbit's Sting,,20,Common,Near Mint,Normal,0.20,,,,,1,,https://tcgplayer-cdn.tcgplayer.com/product/499875_in_200x200.jpg
498525,7178157,Magic: The Gathering,Universes Beyond: The Lord of the Rings: Tales of Middle-earth,Forge Anew,,17,Rare,Near Mint,Normal,4.90,,,,,1,,https://tcgplayer-cdn.tcgplayer.com/product/498525_in_200x200.jpg
501328,7231079,Magic: The Gathering,Prerelease Cards,Forge Anew,,17,Rare,Near Mint,Foil,8.45,,,,,1,,https://tcgplayer-cdn.tcgplayer.com/product/501328_in_200x200.jpg
499923,7213838,Magic: The Gathering,Universes Beyond: The Lord of the Rings: Tales of Middle-earth,Esquire of the King,,13,Common,Near Mint,Normal,0.16,,,,,1,,https://tcgplayer-cdn.tcgplayer.com/product/499923_in_200x200.jpg
499935,7214798,Magic: The Gathering,Universes Beyond: The Lord of the Rings: Tales of Middle-earth,Stalwarts of Osgiliath,,33,Common,Near Mint,Normal,0.15,,,,,2,,https://tcgplayer-cdn.tcgplayer.com/product/499935_in_200x200.jpg
499911,7212998,Magic: The Gathering,Universes Beyond: The Lord of the Rings: Tales of Middle-earth,Banish from Edoras,,1,Common,Near Mint,Normal,0.18,,,,,2,,https://tcgplayer-cdn.tcgplayer.com/product/499911_in_200x200.jpg
500012,7217689,Magic: The Gathering,Commander: The Lord of the Rings: Tales of Middle-earth,Dusk // Dawn,,166,Rare,Near Mint,Normal,0.30,,,,,1,,https://tcgplayer-cdn.tcgplayer.com/product/500012_in_200x200.jpg
499499,7199155,Magic: The Gathering,Commander: The Lord of the Rings: Tales of Middle-earth,Call for Unity,,163,Rare,Near Mint,Normal,0.27,,,,,1,,https://tcgplayer-cdn.tcgplayer.com/product/499499_in_200x200.jpg
499767,7208366,Magic: The Gathering,Commander: The Lord of the Rings: Tales of Middle-earth,"Gwaihir, Greatest of the Eagles",,15,Rare,Near Mint,Normal,0.40,,,,,1,,https://tcgplayer-cdn.tcgplayer.com/product/499767_in_200x200.jpg
499331,7194054,Magic: The Gathering,Universes Beyond: The Lord of the Rings: Tales of Middle-earth,Took Reaper,,35,Common,Near Mint,Normal,0.15,,,,,2,,https://tcgplayer-cdn.tcgplayer.com/product/499331_in_200x200.jpg
499928,7214238,Magic: The Gathering,Universes Beyond: The Lord of the Rings: Tales of Middle-earth,Nimble Hobbit,,23,Common,Near Mint,Normal,0.18,,,,,3,,https://tcgplayer-cdn.tcgplayer.com/product/499928_in_200x200.jpg
498313,7165075,Magic: The Gathering,Universes Beyond: The Lord of the Rings: Tales of Middle-earth,Eastfarthing Farmer,,8,Common,Near Mint,Normal,0.23,,,,,1,,https://tcgplayer-cdn.tcgplayer.com/product/498313_in_200x200.jpg
499536,7200080,Magic: The Gathering,Commander: The Lord of the Rings: Tales of Middle-earth,Path to Exile,,175,Uncommon,Near Mint,Normal,2.15,,,,,1,,https://tcgplayer-cdn.tcgplayer.com/product/499536_in_200x200.jpg
499538,7200125,Magic: The Gathering,Commander: The Lord of the Rings: Tales of Middle-earth,Swords to Plowshares,,178,Uncommon,Near Mint,Normal,2.18,,,,,1,,https://tcgplayer-cdn.tcgplayer.com/product/499538_in_200x200.jpg
18027,115759,Magic: The Gathering,Morningtide,Noggin Whack,,70,Uncommon,Near Mint,Normal,0.27,,,,,1,,https://tcgplayer-cdn.tcgplayer.com/product/18027_in_200x200.jpg
499309,7192549,Magic: The Gathering,Universes Beyond: The Lord of the Rings: Tales of Middle-earth,Shire Shirriff,,30,Uncommon,Near Mint,Normal,0.20,,,,,2,,https://tcgplayer-cdn.tcgplayer.com/product/499309_in_200x200.jpg
499502,7199275,Magic: The Gathering,Commander: The Lord of the Rings: Tales of Middle-earth,Fell the Mighty,,167,Rare,Near Mint,Normal,0.31,,,,,1,,https://tcgplayer-cdn.tcgplayer.com/product/499502_in_200x200.jpg
499503,7199315,Magic: The Gathering,Commander: The Lord of the Rings: Tales of Middle-earth,Fumigate,,170,Rare,Near Mint,Normal,0.37,,,,,1,,https://tcgplayer-cdn.tcgplayer.com/product/499503_in_200x200.jpg
499796,7209501,Magic: The Gathering,Commander: The Lord of the Rings: Tales of Middle-earth,Of Herbs and Stewed Rabbit,,17,Rare,Near Mint,Normal,0.96,,,,,1,,https://tcgplayer-cdn.tcgplayer.com/product/499796_in_200x200.jpg
499812,7210141,Magic: The Gathering,Commander: The Lord of the Rings: Tales of Middle-earth,The Gaffer,,12,Rare,Near Mint,Normal,6.93,,,,,1,,https://tcgplayer-cdn.tcgplayer.com/product/499812_in_200x200.jpg
499509,7199555,Magic: The Gathering,Commander: The Lord of the Rings: Tales of Middle-earth,Mentor of the Meek,,173,Rare,Near Mint,Normal,0.35,,,,,1,,https://tcgplayer-cdn.tcgplayer.com/product/499509_in_200x200.jpg
499404,7196582,Magic: The Gathering,Universes Beyond: The Lord of the Rings: Tales of Middle-earth,Eagles of the North,,7,Common,Near Mint,Normal,0.21,,,,,3,,https://tcgplayer-cdn.tcgplayer.com/product/499404_in_200x200.jpg
498305,7164435,Magic: The Gathering,Universes Beyond: The Lord of the Rings: Tales of Middle-earth,"Boromir, Warden of the Tower",,4,Rare,Near Mint,Normal,4.34,,,,,1,,https://tcgplayer-cdn.tcgplayer.com/product/498305_in_200x200.jpg
499200,7189164,Magic: The Gathering,Universes Beyond: The Lord of the Rings: Tales of Middle-earth,"Eowyn, Lady of Rohan",,10,Uncommon,Near Mint,Normal,0.26,,,,,2,,https://tcgplayer-cdn.tcgplayer.com/product/499200_in_200x200.jpg
498377,7169870,Magic: The Gathering,Universes Beyond: The Lord of the Rings: Tales of Middle-earth,Rosie Cotton of South Lane,,27,Uncommon,Near Mint,Normal,0.35,,,,,2,,https://tcgplayer-cdn.tcgplayer.com/product/498377_in_200x200.jpg
498303,7164275,Magic: The Gathering,Universes Beyond: The Lord of the Rings: Tales of Middle-earth,Bill the Pony,,3,Uncommon,Near Mint,Normal,0.20,,,,,3,,https://tcgplayer-cdn.tcgplayer.com/product/498303_in_200x200.jpg
499915,7213318,Magic: The Gathering,Universes Beyond: The Lord of the Rings: Tales of Middle-earth,Chance-Met Elves,,157,Common,Near Mint,Normal,0.16,,,,,1,,https://tcgplayer-cdn.tcgplayer.com/product/499915_in_200x200.jpg
498344,7167325,Magic: The Gathering,Universes Beyond: The Lord of the Rings: Tales of Middle-earth,Long List of the Ents,,174,Uncommon,Near Mint,Normal,0.20,,,,,1,,https://tcgplayer-cdn.tcgplayer.com/product/498344_in_200x200.jpg
499725,7206686,Magic: The Gathering,Commander: The Lord of the Rings: Tales of Middle-earth,Wood Elves,,263,Common,Near Mint,Normal,0.34,,,,,1,,https://tcgplayer-cdn.tcgplayer.com/product/499725_in_200x200.jpg
499753,7207806,Magic: The Gathering,Commander: The Lord of the Rings: Tales of Middle-earth,Genesis Wave,,245,Rare,Near Mint,Normal,0.40,,,,,1,,https://tcgplayer-cdn.tcgplayer.com/product/499753_in_200x200.jpg
525978,7539057,Magic: The Gathering,Universes Beyond: The Lord of the Rings: Tales of Middle-earth,Long List of the Ents (Showcase Scrolls),,625,Uncommon,Near Mint,Normal,0.33,,,,,1,,https://tcgplayer-cdn.tcgplayer.com/product/525978_in_200x200.jpg
499913,7213158,Magic: The Gathering,Universes Beyond: The Lord of the Rings: Tales of Middle-earth,Galadhrim Guide,,168,Common,Near Mint,Normal,0.14,,,,,2,,https://tcgplayer-cdn.tcgplayer.com/product/499913_in_200x200.jpg
499512,7199675,Magic: The Gathering,Commander: The Lord of the Rings: Tales of Middle-earth,Woodfall Primus,,264,Rare,Near Mint,Normal,0.38,,,,,1,,https://tcgplayer-cdn.tcgplayer.com/product/499512_in_200x200.jpg
498300,7164035,Magic: The Gathering,Universes Beyond: The Lord of the Rings: Tales of Middle-earth,Bag End Porter,,153,Common,Near Mint,Normal,0.09,,,,,2,,https://tcgplayer-cdn.tcgplayer.com/product/498300_in_200x200.jpg
499702,7205766,Magic: The Gathering,Commander: The Lord of the Rings: Tales of Middle-earth,Elvish Mystic,,238,Common,Near Mint,Normal,1.70,,,,,1,,https://tcgplayer-cdn.tcgplayer.com/product/499702_in_200x200.jpg
499689,7205246,Magic: The Gathering,Commander: The Lord of the Rings: Tales of Middle-earth,Elvish Visionary,,240,Common,Near Mint,Normal,0.27,,,,,1,,https://tcgplayer-cdn.tcgplayer.com/product/499689_in_200x200.jpg
499705,7205886,Magic: The Gathering,Commander: The Lord of the Rings: Tales of Middle-earth,Farhaven Elf,,243,Common,Near Mint,Normal,0.68,,,,,1,,https://tcgplayer-cdn.tcgplayer.com/product/499705_in_200x200.jpg
499777,7208766,Magic: The Gathering,Commander: The Lord of the Rings: Tales of Middle-earth,Lignify,,252,Common,Near Mint,Normal,0.38,,,,,1,,https://tcgplayer-cdn.tcgplayer.com/product/499777_in_200x200.jpg
499716,7206326,Magic: The Gathering,Commander: The Lord of the Rings: Tales of Middle-earth,Paradise Druid,,255,Uncommon,Near Mint,Normal,0.32,,,,,1,,https://tcgplayer-cdn.tcgplayer.com/product/499716_in_200x200.jpg
499736,7207126,Magic: The Gathering,Commander: The Lord of the Rings: Tales of Middle-earth,Rampant Growth,,257,Common,Near Mint,Normal,0.78,,,,,1,,https://tcgplayer-cdn.tcgplayer.com/product/499736_in_200x200.jpg
499717,7206366,Magic: The Gathering,Commander: The Lord of the Rings: Tales of Middle-earth,Reclamation Sage,,259,Uncommon,Near Mint,Normal,0.34,,,,,1,,https://tcgplayer-cdn.tcgplayer.com/product/499717_in_200x200.jpg
499582,7201150,Magic: The Gathering,Commander: The Lord of the Rings: Tales of Middle-earth,Galadhrim Ambush,,38,Rare,Near Mint,Normal,6.77,,,,,1,,https://tcgplayer-cdn.tcgplayer.com/product/499582_in_200x200.jpg
499587,7201311,Magic: The Gathering,Commander: The Lord of the Rings: Tales of Middle-earth,"Haldir, Lorien Lieutenant",,39,Rare,Near Mint,Normal,0.33,,,,,1,,https://tcgplayer-cdn.tcgplayer.com/product/499587_in_200x200.jpg
499610,7202091,Magic: The Gathering,Commander: The Lord of the Rings: Tales of Middle-earth,Legolas Greenleaf,,40,Rare,Near Mint,Normal,0.36,,,,,1,,https://tcgplayer-cdn.tcgplayer.com/product/499610_in_200x200.jpg
498341,7167085,Magic: The Gathering,Universes Beyond: The Lord of the Rings: Tales of Middle-earth,Last March of the Ents,,172,Mythic,Near Mint,Normal,23.07,,,,,1,,https://tcgplayer-cdn.tcgplayer.com/product/498341_in_200x200.jpg
498375,7169710,Magic: The Gathering,Universes Beyond: The Lord of the Rings: Tales of Middle-earth,"Quickbeam, Upstart Ent",,183,Uncommon,Near Mint,Normal,0.21,,,,,2,,https://tcgplayer-cdn.tcgplayer.com/product/498375_in_200x200.jpg
498304,7164355,Magic: The Gathering,Universes Beyond: The Lord of the Rings: Tales of Middle-earth,Bombadil's Song,,154,Common,Near Mint,Normal,0.18,,,,,2,,https://tcgplayer-cdn.tcgplayer.com/product/498304_in_200x200.jpg
499912,7213078,Magic: The Gathering,Universes Beyond: The Lord of the Rings: Tales of Middle-earth,Enraged Huorn,,162,Common,Near Mint,Normal,0.16,,,,,1,,https://tcgplayer-cdn.tcgplayer.com/product/499912_in_200x200.jpg
499442,7197345,Magic: The Gathering,Universes Beyond: The Lord of the Rings: Tales of Middle-earth,Shortcut to Mushrooms,,187,Uncommon,Near Mint,Normal,0.17,,,,,1,,https://tcgplayer-cdn.tcgplayer.com/product/499442_in_200x200.jpg
498548,7179306,Magic: The Gathering,Universes Beyond: The Lord of the Rings: Tales of Middle-earth,"Fangorn, Tree Shepherd",,166,Rare,Near Mint,Normal,0.38,,,,,1,,https://tcgplayer-cdn.tcgplayer.com/product/498548_in_200x200.jpg
500308,7221325,Magic: The Gathering,Universes Beyond: The Lord of the Rings: Tales of Middle-earth,Mirrormere Guardian,,179,Common,Near Mint,Normal,0.14,,,,,1,,https://tcgplayer-cdn.tcgplayer.com/product/500308_in_200x200.jpg
499275,7191299,Magic: The Gathering,Universes Beyond: The Lord of the Rings: Tales of Middle-earth,Dunedain Rangers,,159,Uncommon,Near Mint,Normal,0.18,,,,,1,,https://tcgplayer-cdn.tcgplayer.com/product/499275_in_200x200.jpg
499510,7199595,Magic: The Gathering,Commander: The Lord of the Rings: Tales of Middle-earth,Birds of Paradise,,235,Rare,Near Mint,Normal,12.71,,,,,1,,https://tcgplayer-cdn.tcgplayer.com/product/499510_in_200x200.jpg
499332,7194134,Magic: The Gathering,Universes Beyond: The Lord of the Rings: Tales of Middle-earth,Revive the Shire,,185,Common,Near Mint,Normal,0.25,,,,,2,,https://tcgplayer-cdn.tcgplayer.com/product/499332_in_200x200.jpg
499520,7199820,Magic: The Gathering,Commander: The Lord of the Rings: Tales of Middle-earth,Orchard Strider,,253,Common,Near Mint,Normal,0.22,,,,,1,,https://tcgplayer-cdn.tcgplayer.com/product/499520_in_200x200.jpg
499508,7199515,Magic: The Gathering,Commander: The Lord of the Rings: Tales of Middle-earth,Harmonize,,248,Uncommon,Near Mint,Normal,0.26,,,,,1,,https://tcgplayer-cdn.tcgplayer.com/product/499508_in_200x200.jpg
499523,7199870,Magic: The Gathering,Commander: The Lord of the Rings: Tales of Middle-earth,Prosperous Innkeeper,,256,Uncommon,Near Mint,Normal,0.36,,,,,1,,https://tcgplayer-cdn.tcgplayer.com/product/499523_in_200x200.jpg
499507,7199475,Magic: The Gathering,Commander: The Lord of the Rings: Tales of Middle-earth,Farseek,,244,Common,Near Mint,Normal,1.70,,,,,1,,https://tcgplayer-cdn.tcgplayer.com/product/499507_in_200x200.jpg
499744,7207446,Magic: The Gathering,Commander: The Lord of the Rings: Tales of Middle-earth,Feasting Hobbit,,37,Rare,Near Mint,Normal,0.59,,,,,1,,https://tcgplayer-cdn.tcgplayer.com/product/499744_in_200x200.jpg
499791,7209301,Magic: The Gathering,Commander: The Lord of the Rings: Tales of Middle-earth,Motivated Pony,,42,Rare,Near Mint,Normal,0.26,,,,,1,,https://tcgplayer-cdn.tcgplayer.com/product/499791_in_200x200.jpg
499714,7206246,Magic: The Gathering,Commander: The Lord of the Rings: Tales of Middle-earth,Assemble the Entmoot,,36,Rare,Near Mint,Normal,0.35,,,,,1,,https://tcgplayer-cdn.tcgplayer.com/product/499714_in_200x200.jpg
499528,7199930,Magic: The Gathering,Commander: The Lord of the Rings: Tales of Middle-earth,Tireless Provisioner,,262,Uncommon,Near Mint,Normal,4.66,,,,,1,,https://tcgplayer-cdn.tcgplayer.com/product/499528_in_200x200.jpg
499517,7199770,Magic: The Gathering,Commander: The Lord of the Rings: Tales of Middle-earth,Great Oak Guardian,,247,Uncommon,Near Mint,Normal,0.35,,,,,1,,https://tcgplayer-cdn.tcgplayer.com/product/499517_in_200x200.jpg
499511,7199635,Magic: The Gathering,Commander: The Lord of the Rings: Tales of Middle-earth,Gilded Goose,,246,Rare,Near Mint,Normal,0.58,,,,,1,,https://tcgplayer-cdn.tcgplayer.com/product/499511_in_200x200.jpg
499804,7209821,Magic: The Gathering,Commander: The Lord of the Rings: Tales of Middle-earth,Prize Pig,,43,Rare,Near Mint,Normal,0.37,,,,,1,,https://tcgplayer-cdn.tcgplayer.com/product/499804_in_200x200.jpg
499515,7199725,Magic: The Gathering,Commander: The Lord of the Rings: Tales of Middle-earth,Essence Warden,,242,Common,Near Mint,Normal,10.70,,,,,1,,https://tcgplayer-cdn.tcgplayer.com/product/499515_in_200x200.jpg
499685,7205086,Magic: The Gathering,Commander: The Lord of the Rings: Tales of Middle-earth,Arbor Elf,,232,Common,Near Mint,Normal,0.46,,,,,1,,https://tcgplayer-cdn.tcgplayer.com/product/499685_in_200x200.jpg
499734,7207046,Magic: The Gathering,Commander: The Lord of the Rings: Tales of Middle-earth,Beast Within,,234,Uncommon,Near Mint,Normal,0.87,,,,,1,,https://tcgplayer-cdn.tcgplayer.com/product/499734_in_200x200.jpg
499506,7199435,Magic: The Gathering,Commander: The Lord of the Rings: Tales of Middle-earth,Cultivate,,236,Common,Near Mint,Normal,0.45,,,,,2,,https://tcgplayer-cdn.tcgplayer.com/product/499506_in_200x200.jpg
499615,7202291,Magic: The Gathering,Commander: The Lord of the Rings: Tales of Middle-earth,Mirkwood Elk,,41,Rare,Near Mint,Normal,0.21,,,,,1,,https://tcgplayer-cdn.tcgplayer.com/product/499615_in_200x200.jpg
499625,7202691,Magic: The Gathering,Commander: The Lord of the Rings: Tales of Middle-earth,Windswift Slice,,45,Rare,Near Mint,Normal,0.44,,,,,1,,https://tcgplayer-cdn.tcgplayer.com/product/499625_in_200x200.jpg
499776,7208726,Magic: The Gathering,Commander: The Lord of the Rings: Tales of Middle-earth,Asceticism,,233,Rare,Near Mint,Normal,7.69,,,,,1,,https://tcgplayer-cdn.tcgplayer.com/product/499776_in_200x200.jpg
499711,7206126,Magic: The Gathering,Commander: The Lord of the Rings: Tales of Middle-earth,Elvish Piper,,239,Rare,Near Mint,Normal,1.44,,,,,1,,https://tcgplayer-cdn.tcgplayer.com/product/499711_in_200x200.jpg
499712,7206166,Magic: The Gathering,Commander: The Lord of the Rings: Tales of Middle-earth,Elvish Warmaster,,241,Rare,Near Mint,Normal,3.86,,,,,1,,https://tcgplayer-cdn.tcgplayer.com/product/499712_in_200x200.jpg
499755,7207886,Magic: The Gathering,Commander: The Lord of the Rings: Tales of Middle-earth,Heroic Intervention,,249,Rare,Near Mint,Normal,17.07,,,,,1,,https://tcgplayer-cdn.tcgplayer.com/product/499755_in_200x200.jpg
499728,7206806,Magic: The Gathering,Commander: The Lord of the Rings: Tales of Middle-earth,Hornet Queen,,250,Rare,Near Mint,Normal,0.31,,,,,1,,https://tcgplayer-cdn.tcgplayer.com/product/499728_in_200x200.jpg
499708,7206006,Magic: The Gathering,Commander: The Lord of the Rings: Tales of Middle-earth,Elvish Archdruid,,237,Rare,Near Mint,Normal,1.11,,,,,1,,https://tcgplayer-cdn.tcgplayer.com/product/499708_in_200x200.jpg
499760,7208086,Magic: The Gathering,Commander: The Lord of the Rings: Tales of Middle-earth,Inscription of Abundance,,251,Rare,Near Mint,Normal,0.34,,,,,1,,https://tcgplayer-cdn.tcgplayer.com/product/499760_in_200x200.jpg
499762,7208166,Magic: The Gathering,Commander: The Lord of the Rings: Tales of Middle-earth,Overwhelming Stampede,,254,Rare,Near Mint,Normal,4.00,,,,,1,,https://tcgplayer-cdn.tcgplayer.com/product/499762_in_200x200.jpg
499727,7206766,Magic: The Gathering,Commander: The Lord of the Rings: Tales of Middle-earth,Realm Seekers,,258,Rare,Near Mint,Normal,0.24,,,,,1,,https://tcgplayer-cdn.tcgplayer.com/product/499727_in_200x200.jpg
499766,7208326,Magic: The Gathering,Commander: The Lord of the Rings: Tales of Middle-earth,Seeds of Renewal,,260,Rare,Near Mint,Normal,0.24,,,,,1,,https://tcgplayer-cdn.tcgplayer.com/product/499766_in_200x200.jpg
499764,7208246,Magic: The Gathering,Commander: The Lord of the Rings: Tales of Middle-earth,Sylvan Offering,,261,Rare,Near Mint,Normal,0.32,,,,,1,,https://tcgplayer-cdn.tcgplayer.com/product/499764_in_200x200.jpg
498347,7167565,Magic: The Gathering,Universes Beyond: The Lord of the Rings: Tales of Middle-earth,Meriadoc Brandybuck,,177,Uncommon,Near Mint,Normal,0.23,,,,,1,,https://tcgplayer-cdn.tcgplayer.com/product/498347_in_200x200.jpg
499876,7212523,Magic: The Gathering,Universes Beyond: The Lord of the Rings: Tales of Middle-earth,Mirkwood Spider,,178,Common,Near Mint,Normal,0.26,,,,,3,,https://tcgplayer-cdn.tcgplayer.com/product/499876_in_200x200.jpg
498372,7169470,Magic: The Gathering,Universes Beyond: The Lord of the Rings: Tales of Middle-earth,Pippin's Bravery,,182,Common,Near Mint,Normal,0.20,,,,,3,,https://tcgplayer-cdn.tcgplayer.com/product/498372_in_200x200.jpg
526037,7539647,Magic: The Gathering,Universes Beyond: The Lord of the Rings: Tales of Middle-earth,Pippin's Bravery (Showcase Scrolls),,633,Common,Near Mint,Normal,0.30,,,,,3,,https://tcgplayer-cdn.tcgplayer.com/product/526037_in_200x200.jpg
498442,7174950,Magic: The Gathering,Universes Beyond: The Lord of the Rings: Tales of Middle-earth,Pippin's Bravery (Borderless),,414,Common,Near Mint,Normal,0.17,,,,,2,,https://tcgplayer-cdn.tcgplayer.com/product/498442_in_200x200.jpg
499922,7213758,Magic: The Gathering,Universes Beyond: The Lord of the Rings: Tales of Middle-earth,Shower of Arrows,,188,Common,Near Mint,Normal,0.21,,,,,3,,https://tcgplayer-cdn.tcgplayer.com/product/499922_in_200x200.jpg
498323,7165735,Magic: The Gathering,Universes Beyond: The Lord of the Rings: Tales of Middle-earth,Galadhrim Bow,,167,Common,Near Mint,Normal,0.20,,,,,2,,https://tcgplayer-cdn.tcgplayer.com/product/498323_in_200x200.jpg
498388,7170750,Magic: The Gathering,Universes Beyond: The Lord of the Rings: Tales of Middle-earth,Stew the Coneys,,189,Uncommon,Near Mint,Normal,0.20,,,,,3,,https://tcgplayer-cdn.tcgplayer.com/product/498388_in_200x200.jpg
498345,7167405,Magic: The Gathering,Universes Beyond: The Lord of the Rings: Tales of Middle-earth,Many Partings,,176,Common,Near Mint,Normal,0.29,,,,,3,,https://tcgplayer-cdn.tcgplayer.com/product/498345_in_200x200.jpg
498328,7166075,Magic: The Gathering,Universes Beyond: The Lord of the Rings: Tales of Middle-earth,Generous Ent,,169,Common,Near Mint,Normal,1.31,,,,,2,,https://tcgplayer-cdn.tcgplayer.com/product/498328_in_200x200.jpg
96626,2742999,Magic: The Gathering,Dragons of Tarkir,Pacifism,,29,Common,Near Mint,Normal,0.16,,,,,1,,https://tcgplayer-cdn.tcgplayer.com/product/96626_in_200x200.jpg
499211,7189723,Magic: The Gathering,Universes Beyond: The Lord of the Rings: Tales of Middle-earth,Gift of Strands,,170,Uncommon,Near Mint,Normal,0.14,,,,,2,,https://tcgplayer-cdn.tcgplayer.com/product/499211_in_200x200.jpg
499221,7190493,Magic: The Gathering,Universes Beyond: The Lord of the Rings: Tales of Middle-earth,Entish Restoration,,163,Uncommon,Near Mint,Normal,2.73,,,,,2,,https://tcgplayer-cdn.tcgplayer.com/product/499221_in_200x200.jpg
498369,7169230,Magic: The Gathering,Universes Beyond: The Lord of the Rings: Tales of Middle-earth,Peregrin Took,,181,Uncommon,Near Mint,Normal,1.04,,,,,1,,https://tcgplayer-cdn.tcgplayer.com/product/498369_in_200x200.jpg
498342,7167165,Magic: The Gathering,Universes Beyond: The Lord of the Rings: Tales of Middle-earth,"Legolas, Master Archer",,173,Rare,Near Mint,Normal,0.33,,,,,1,,https://tcgplayer-cdn.tcgplayer.com/product/498342_in_200x200.jpg
499578,7200990,Magic: The Gathering,Commander: The Lord of the Rings: Tales of Middle-earth,"Arwen, Weaver of Hope",,35,Rare,Near Mint,Normal,5.06,,,,,1,,https://tcgplayer-cdn.tcgplayer.com/product/499578_in_200x200.jpg
499621,7202531,Magic: The Gathering,Commander: The Lord of the Rings: Tales of Middle-earth,Travel Through Caradhras,,44,Rare,Near Mint,Normal,0.25,,,,,1,,https://tcgplayer-cdn.tcgplayer.com/product/499621_in_200x200.jpg
499284,7191674,Magic: The Gathering,Universes Beyond: The Lord of the Rings: Tales of Middle-earth,"Glorfindel, Dauntless Rescuer",,171,Uncommon,Near Mint,Normal,0.14,,,,,1,,https://tcgplayer-cdn.tcgplayer.com/product/499284_in_200x200.jpg
498367,7169125,Magic: The Gathering,Universes Beyond: The Lord of the Rings: Tales of Middle-earth,Orcish Bowmasters,,103,Rare,Near Mint,Normal,44.46,,,,,1,,https://tcgplayer-cdn.tcgplayer.com/product/498367_in_200x200.jpg
498524,7178077,Magic: The Gathering,Universes Beyond: The Lord of the Rings: Tales of Middle-earth,Gollum's Bite,,85,Uncommon,Near Mint,Normal,0.20,,,,,1,,https://tcgplayer-cdn.tcgplayer.com/product/498524_in_200x200.jpg
499933,7214638,Magic: The Gathering,Universes Beyond: The Lord of the Rings: Tales of Middle-earth,Mordor Muster,,96,Common,Near Mint,Normal,0.19,,,,,1,,https://tcgplayer-cdn.tcgplayer.com/product/499933_in_200x200.jpg
499936,7214878,Magic: The Gathering,Universes Beyond: The Lord of the Rings: Tales of Middle-earth,Haunt of the Dead Marshes,,90,Common,Near Mint,Normal,0.21,,,,,1,,https://tcgplayer-cdn.tcgplayer.com/product/499936_in_200x200.jpg
498357,7168325,Magic: The Gathering,Universes Beyond: The Lord of the Rings: Tales of Middle-earth,Nazgul (0334),,334,Uncommon,Near Mint,Normal,21.40,,,,,1,,https://tcgplayer-cdn.tcgplayer.com/product/498357_in_200x200.jpg
498362,7168725,Magic: The Gathering,Universes Beyond: The Lord of the Rings: Tales of Middle-earth,Nazgul (0339),,339,Uncommon,Near Mint,Normal,16.96,,,,,1,,https://tcgplayer-cdn.tcgplayer.com/product/498362_in_200x200.jpg
499341,7194674,Magic: The Gathering,Universes Beyond: The Lord of the Rings: Tales of Middle-earth,Ringwraiths,,284,Rare,Near Mint,Normal,1.48,,,,,1,,https://tcgplayer-cdn.tcgplayer.com/product/499341_in_200x200.jpg
498310,7164835,Magic: The Gathering,Universes Beyond: The Lord of the Rings: Tales of Middle-earth,Dunland Crebain,,82,Common,Near Mint,Normal,0.22,,,,,2,,https://tcgplayer-cdn.tcgplayer.com/product/498310_in_200x200.jpg
499540,7200170,Magic: The Gathering,Commander: The Lord of the Rings: Tales of Middle-earth,Crypt Incursion,,198,Common,Near Mint,Normal,0.31,,,,,1,,https://tcgplayer-cdn.tcgplayer.com/product/499540_in_200x200.jpg
499787,7209136,Magic: The Gathering,Commander: The Lord of the Rings: Tales of Middle-earth,"Lobelia, Defender of Bag End",,27,Rare,Near Mint,Normal,0.28,,,,,1,,https://tcgplayer-cdn.tcgplayer.com/product/499787_in_200x200.jpg
499808,7209981,Magic: The Gathering,Commander: The Lord of the Rings: Tales of Middle-earth,Rapacious Guest,,28,Rare,Near Mint,Normal,0.67,,,,,1,,https://tcgplayer-cdn.tcgplayer.com/product/499808_in_200x200.jpg
499758,7208006,Magic: The Gathering,Commander: The Lord of the Rings: Tales of Middle-earth,"Gollum, Obsessed Stalker",,26,Rare,Near Mint,Normal,0.33,,,,,1,,https://tcgplayer-cdn.tcgplayer.com/product/499758_in_200x200.jpg
499504,7199355,Magic: The Gathering,Commander: The Lord of the Rings: Tales of Middle-earth,Toxic Deluge,,209,Rare,Near Mint,Normal,6.25,,,,,1,,https://tcgplayer-cdn.tcgplayer.com/product/499504_in_200x200.jpg
499467,7198915,Magic: The Gathering,Universes Beyond: The Lord of the Rings: Tales of Middle-earth,Orcish Medicine,,104,Common,Near Mint,Normal,0.20,,,,,3,,https://tcgplayer-cdn.tcgplayer.com/product/499467_in_200x200.jpg
498353,7168005,Magic: The Gathering,Universes Beyond: The Lord of the Rings: Tales of Middle-earth,Mordor Trebuchet,,97,Common,Near Mint,Normal,0.15,,,,,1,,https://tcgplayer-cdn.tcgplayer.com/product/498353_in_200x200.jpg
499458,7198490,Magic: The Gathering,Universes Beyond: The Lord of the Rings: Tales of Middle-earth,Gorbag of Minas Morgul,,86,Uncommon,Near Mint,Normal,0.24,,,,,1,,https://tcgplayer-cdn.tcgplayer.com/product/499458_in_200x200.jpg
488256,7027827,Magic: The Gathering,Universes Beyond: The Lord of the Rings: Tales of Middle-earth,"Gollum, Patient Plotter",,84,Uncommon,Near Mint,Normal,0.29,,,,,1,,https://tcgplayer-cdn.tcgplayer.com/product/488256_in_200x200.jpg
498540,7178740,Magic: The Gathering,Universes Beyond: The Lord of the Rings: Tales of Middle-earth,"Grond, the Gatebreaker",,89,Uncommon,Near Mint,Normal,0.21,,,,,3,,https://tcgplayer-cdn.tcgplayer.com/product/498540_in_200x200.jpg
498591,7180966,Magic: The Gathering,Universes Beyond: The Lord of the Rings: Tales of Middle-earth,Morgul-Knife Wound,,98,Common,Near Mint,Normal,0.23,,,,,3,,https://tcgplayer-cdn.tcgplayer.com/product/498591_in_200x200.jpg
498355,7168165,Magic: The Gathering,Universes Beyond: The Lord of the Rings: Tales of Middle-earth,Nasty End,,99,Common,Near Mint,Normal,0.23,,,,,2,,https://tcgplayer-cdn.tcgplayer.com/product/498355_in_200x200.jpg
499939,7215118,Magic: The Gathering,Universes Beyond: The Lord of the Rings: Tales of Middle-earth,The Black Breath,,78,Common,Near Mint,Normal,0.25,,,,,3,,https://tcgplayer-cdn.tcgplayer.com/product/499939_in_200x200.jpg
499207,7189487,Magic: The Gathering,Universes Beyond: The Lord of the Rings: Tales of Middle-earth,Oath of the Grey Host,,101,Uncommon,Near Mint,Normal,0.19,,,,,2,,https://tcgplayer-cdn.tcgplayer.com/product/499207_in_200x200.jpg
498415,7172770,Magic: The Gathering,Universes Beyond: The Lord of the Rings: Tales of Middle-earth,Lobelia Sackville-Baggins,,93,Rare,Near Mint,Normal,0.33,,,,,1,,https://tcgplayer-cdn.tcgplayer.com/product/498415_in_200x200.jpg
499505,7199395,Magic: The Gathering,Commander: The Lord of the Rings: Tales of Middle-earth,Night's Whisper,,205,Common,Near Mint,Normal,0.75,,,,,1,,https://tcgplayer-cdn.tcgplayer.com/product/499505_in_200x200.jpg
